Retention time,Abundance
0.087,5361
0.09,5248
0.094,5649
0.097,5551
0.1,5524
0.104,5431
0.107,5883
0.11,4430
0.113,5255
0.117,3832
0.12,4666
0.123,4639
0.127,4322
0.13,4678
0.133,4041
0.136,4966
0.14,4636
0.143,3350
0.146,3553
0.149,3063
0.153,4159
0.156,3740
0.159,4767
0.163,4050
0.166,3256
0.169,3483
0.172,3856
0.176,3441
0.179,3849
0.182,3884
0.186,3755
0.189,3034
0.192,3439
0.195,2901
0.199,3816
0.202,3136
0.205,2935
0.209,2991
0.212,2763
0.215,3695
0.218,3267
0.222,2911
0.225,1711
0.228,2783
0.231,3113
0.235,2884
0.238,3037
0.241,2587
0.245,2354
0.248,2177
0.251,2378
0.254,2808
0.258,2729
0.261,2471
0.264,2991
0.268,2948
0.271,2787
0.274,2737
0.277,2354
0.281,2626
0.284,1946
0.287,2886
0.29,2583
0.294,2669
0.297,2186
0.3,2232
0.304,2727
0.307,2733
0.31,2596
0.313,2429
0.317,2381
0.32,2303
0.323,2157
0.327,2535
0.33,2901
0.333,1761
0.336,2889
0.34,2303
0.343,2661
0.346,2340
0.35,2197
0.353,1896
0.356,2263
0.359,2691
0.363,2554
0.366,2634
0.369,2611
0.372,2540
0.376,2279
0.379,2394
0.382,1999
0.386,2601
0.389,1704
0.392,2073
0.395,2169
0.399,1387
0.402,1935
0.405,2037
0.409,2016
0.412,2075
0.415,2222
0.418,2308
0.422,2405
0.425,1934
0.428,2423
0.431,2067
0.435,1662
0.438,1663
0.441,2227
0.445,2116
0.448,1744
0.451,2126
0.454,1857
0.458,2550
0.461,2324
0.464,1886
0.468,1982
0.471,1677
0.474,2002
0.477,1915
0.481,2882
0.484,2130
0.487,1902
0.491,1728
0.494,2137
0.497,1711
0.5,2586
0.504,1993
0.507,2134
0.51,2120
0.513,2012
0.517,1889
0.52,1792
0.523,1923
0.527,1991
0.53,1462
0.533,1564
0.536,2492
0.54,2254
0.543,1785
0.546,1880
0.55,2081
0.553,1402
0.556,2037
0.559,1990
0.563,2069
0.566,1925
0.569,2422
0.573,2184
0.576,1397
0.579,2107
0.582,1495
0.586,1906
0.589,2661
0.592,1582
0.595,1985
0.599,1765
0.602,2139
0.605,2386
0.609,1462
0.612,1871
0.615,1607
0.618,1740
0.622,2322
0.625,1540
0.628,1391
0.632,1398
0.635,1893
0.638,1676
0.641,2300
0.645,1935
0.648,1585
0.651,1304
0.655,2385
0.658,1872
0.661,1931
0.664,1791
0.668,1737
0.671,1610
0.674,1749
0.677,1564
0.681,1708
0.684,1998
0.687,1839
0.691,1778
0.694,1512
0.697,1583
0.7,1382
0.704,1438
0.707,1880
0.71,1358
0.714,1541
0.717,1574
0.72,1461
0.723,1465
0.727,2125
0.73,2245
0.733,1040
0.736,1694
0.74,1564
0.743,1474
0.746,1654
0.75,1571
0.753,1740
0.756,1684
0.759,2065
0.763,1693
0.766,2124
0.769,1764
0.773,1298
0.776,1464
0.779,1787
0.782,1831
0.786,1323
0.789,1250
0.792,2042
0.795,1482
0.799,1490
0.802,1239
0.805,1547
0.809,1457
0.812,1578
0.815,1798
0.818,1532
0.822,1576
0.825,1745
0.828,1626
0.832,1119
0.835,1406
0.838,2112
0.841,1756
0.845,1443
0.848,1378
0.851,1934
0.855,1521
0.858,1400
0.861,1459
0.864,1708
0.868,1769
0.871,1518
0.874,1993
0.877,1515
0.881,1375
0.884,1096
0.887,1524
0.891,1545
0.894,2176
0.897,1130
0.9,1781
0.904,1691
0.907,2105
0.91,1759
0.914,1268
0.917,1525
0.92,1682
0.923,1597
0.927,1484
0.93,1182
0.933,1768
0.937,1710
0.94,1295
0.943,1362
0.946,1232
0.95,1981
0.953,1767
0.956,1480
0.959,1674
0.963,1460
0.966,1862
0.969,1526
0.973,1227
0.976,1204
0.979,1466
0.982,1563
0.986,1728
0.989,1097
0.992,1684
0.996,1460
0.999,1508
1.002,2074
1.005,1213
1.009,1795
1.012,1519
1.015,1403
1.019,1171
1.022,1525
1.025,1453
1.028,1356
1.032,1443
1.035,1143
1.038,1213
1.041,967
1.045,1165
1.048,1655
1.051,1542
1.055,1627
1.058,1239
1.061,1396
1.064,1568
1.068,1864
1.071,1016
1.074,1436
1.078,1416
1.081,1448
1.084,1653
1.087,1374
1.091,1540
1.094,1697
1.097,1386
1.1,1581
1.104,1350
1.107,1538
1.11,1546
1.114,1566
1.117,1223
1.12,1833
1.123,1787
1.127,1320
1.13,1309
1.133,1757
1.137,1845
1.14,1692
1.143,1320
1.146,1008
1.15,1116
1.153,1511
1.156,1669
1.16,1366
1.163,1437
1.166,1716
1.169,1438
1.173,1407
1.176,1296
1.179,1265
1.182,1555
1.186,1447
1.189,1829
1.192,1360
1.196,909
1.199,1451
1.202,1565
1.205,1576
1.209,978
1.212,1518
1.215,1051
1.219,1981
1.222,1326
1.225,1377
1.228,1656
1.232,1063
1.235,1604
1.238,1304
1.241,1415
1.245,1378
1.248,1140
1.251,1260
1.255,1021
1.258,1235
1.261,1810
1.264,1352
1.268,1438
1.271,1391
1.274,1346
1.278,1237
1.281,1510
1.284,1572
1.287,949
1.291,1747
1.294,1248
1.297,1435
1.301,1632
1.304,1618
1.307,1832
1.31,968
1.314,1569
1.317,1592
1.32,1513
1.323,2212
1.327,1292
1.33,1390
1.333,1583
1.337,1469
1.34,1178
1.343,1380
1.346,1271
1.35,1783
1.353,1207
1.356,1180
1.36,1445
1.363,1074
1.366,1516
1.369,1608
1.373,1226
1.376,1177
1.379,1243
1.383,1503
1.386,1340
1.389,1025
1.392,1497
1.396,1401
1.399,1282
1.402,796
1.405,1393
1.409,1049
1.412,1385
1.415,1379
1.419,1459
1.422,1163
1.425,784
1.428,1091
1.432,1769
1.435,1412
1.438,1018
1.442,1324
1.445,1371
1.448,1263
1.451,1306
1.455,1269
1.458,1273
1.461,908
1.464,1417
1.468,1836
1.471,1230
1.474,1549
1.478,1375
1.481,1320
1.484,1357
1.487,928
1.491,1492
1.494,1274
1.497,1124
1.501,1639
1.504,1248
1.507,1474
1.51,1603
1.514,1546
1.517,1491
1.52,1519
1.524,1082
1.527,1404
1.53,1431
1.533,1391
1.537,1540
1.54,1514
1.543,1444
1.546,1194
1.55,1117
1.553,1399
1.556,1039
1.56,1189
1.563,1798
1.566,1119
1.569,1527
1.573,1345
1.576,1146
1.579,1188
1.583,1580
1.586,1010
1.589,1370
1.592,1475
1.596,1151
1.599,1137
1.602,1172
1.606,1684
1.609,795
1.612,1951
1.615,1528
1.619,1406
1.622,1407
1.625,1473
1.628,1500
1.632,1254
1.635,1677
1.638,1522
1.642,1227
1.645,1786
1.648,1276
1.651,1437
1.655,1379
1.658,1537
1.661,1111
1.665,1514
1.668,977
1.671,1289
1.674,1414
1.678,1268
1.681,1324
1.684,1602
1.687,1370
1.691,1800
1.694,1357
1.697,1483
1.701,1190
1.704,1319
1.707,996
1.71,1562
1.714,1514
1.717,1536
1.72,1597
1.724,1402
1.727,1671
1.73,975
1.733,1500
1.737,1468
1.74,1189
1.743,1497
1.747,1332
1.75,1339
1.753,1649
1.756,1012
1.76,1409
1.763,1034
1.766,1458
1.769,1297
1.773,1498
1.776,1327
1.779,1581
1.783,1202
1.786,1325
1.789,1687
1.792,1069
1.796,1469
1.799,1441
1.802,961
1.806,1213
1.809,1450
1.812,910
1.815,1488
1.819,784
1.822,1376
1.825,1525
1.828,1509
1.832,1396
1.835,2021
1.838,1460
1.842,1323
1.845,1917
1.848,1208
1.851,1257
1.855,1555
1.858,1477
1.861,1707
1.865,1289
1.868,1220
1.871,855
1.874,1408
1.878,1439
1.881,1158
1.884,1340
1.888,893
1.891,711
1.894,1446
1.897,1469
1.901,964
1.904,1629
1.907,1157
1.91,1528
1.914,1609
1.917,1548
1.92,1169
1.924,1274
1.927,1223
1.93,1423
1.933,1348
1.937,1532
1.94,966
1.943,857
1.947,1422
1.95,1687
1.953,1214
1.956,1180
1.96,1247
1.963,1088
1.966,1232
1.97,1399
1.973,1295
1.976,1339
1.979,1330
1.983,1225
1.986,1578
1.989,1267
1.992,1586
1.996,1225
1.999,1636
2.002,1075
2.006,1641
2.009,936
2.012,1319
2.015,1143
2.019,1537
2.022,1005
2.025,1278
2.029,997
2.032,1147
2.035,1280
2.038,1082
2.042,1427
2.045,1313
2.048,1003
2.051,1516
2.055,1376
2.058,1383
2.061,1464
2.065,1297
2.068,1152
2.071,1541
2.074,1227
2.078,1247
2.081,1308
2.084,1031
2.088,1017
2.091,1148
2.094,999
2.097,1337
2.101,1265
2.104,1843
2.107,1324
2.111,1320
2.114,1352
2.117,1442
2.12,1194
2.124,1178
2.127,1185
2.13,1357
2.133,1378
2.137,1996
2.14,1440
2.143,1232
2.147,1455
2.15,1710
2.153,1432
2.156,1359
2.16,1069
2.163,1334
2.166,1155
2.17,1752
2.173,1077
2.176,1085
2.179,1340
2.183,1213
2.186,1277
2.189,1426
2.192,1474
2.196,1453
2.199,1285
2.202,1688
2.206,1366
2.209,1990
2.212,1041
2.215,1418
2.219,1309
2.222,972
2.225,1278
2.229,1318
2.232,1503
2.235,1273
2.238,1741
2.242,1435
2.245,1718
2.248,1601
2.252,1322
2.255,1653
2.258,1373
2.261,1616
2.265,1517
2.268,984
2.271,985
2.274,1183
2.278,1199
2.281,1196
2.284,1253
2.288,1570
2.291,1372
2.294,1226
2.297,976
2.301,1494
2.304,1599
2.307,1039
2.311,1683
2.314,995
2.317,1693
2.32,1187
2.324,1402
2.327,1463
2.33,1409
2.333,1153
2.337,1560
2.34,1866
2.343,1474
2.347,1096
2.35,831
2.353,1106
2.356,1232
2.36,1094
2.363,1158
2.366,1407
2.37,961
2.373,1085
2.376,1348
2.379,1044
2.383,1304
2.386,1109
2.389,1434
2.393,1470
2.396,1086
2.399,1039
2.402,1341
2.406,1411
2.409,1339
2.412,1286
2.415,1565
2.419,1367
2.422,1563
2.425,1376
2.429,833
2.432,1414
2.435,913
2.438,1600
2.442,1534
2.445,1341
2.448,1377
2.452,1277
2.455,1386
2.458,1454
2.461,1535
2.465,1369
2.468,1372
2.471,1491
2.474,1343
2.478,996
2.481,1498
2.484,1054
2.488,1225
2.491,1518
2.494,1555
2.497,1892
2.501,1198
2.504,1301
2.507,1495
2.511,1533
2.514,1309
2.517,1237
2.52,1257
2.524,1259
2.527,1603
2.53,1046
2.534,1340
2.537,1562
2.54,1379
2.543,899
2.547,846
2.55,1306
2.553,1614
2.556,1424
2.56,1539
2.563,1355
2.566,1234
2.57,1312
2.573,1233
2.576,1930
2.579,1273
2.583,1429
2.586,1445
2.589,1309
2.593,1328
2.596,1025
2.599,905
2.602,1291
2.606,1225
2.609,1526
2.612,958
2.616,1102
2.619,1386
2.622,1270
2.625,1524
2.629,1006
2.632,944
2.635,1013
2.638,1108
2.642,1020
2.645,1370
2.648,1133
2.652,1447
2.655,941
2.658,1417
2.661,1510
2.665,1121
2.668,1159
2.671,1481
2.675,1052
2.678,1494
2.681,1135
2.684,987
2.688,801
2.691,1261
2.694,1331
2.698,1301
2.701,1288
2.704,1393
2.707,1024
2.711,1229
2.714,1141
2.717,1225
2.72,1437
2.724,970
2.727,1310
2.73,1490
2.734,1196
2.737,975
2.74,1128
2.743,1493
2.747,1032
2.75,960
2.753,1254
2.757,1539
2.76,1349
2.763,1299
2.766,1688
2.77,1332
2.773,1202
2.776,1227
2.779,1536
2.783,1110
2.786,1153
2.789,1096
2.793,959
2.796,1326
2.799,1040
2.802,1302
2.806,1138
2.809,940
2.812,1718
2.816,1317
2.819,1020
2.822,1401
2.825,1203
2.829,955
2.832,1316
2.835,1913
2.839,1062
2.842,1219
2.845,1254
2.848,1230
2.852,915
2.855,1488
2.858,1298
2.861,1512
2.865,1254
2.868,1451
2.871,1265
2.875,1488
2.878,1176
2.881,1243
2.884,1090
2.888,1096
2.891,1331
2.894,1250
2.898,1234
2.901,1283
2.904,849
2.907,1441
2.911,1198
2.914,1303
2.917,1661
2.921,1354
2.924,1117
2.927,1229
2.93,1380
2.934,1211
2.937,1177
2.94,1684
2.943,1895
2.947,1292
2.95,1264
2.953,1289
2.957,1192
2.96,1140
2.963,1130
2.966,1286
2.97,1430
2.973,1345
2.976,782
2.98,1176
2.983,1371
2.986,1095
2.989,1319
2.993,1026
2.996,1249
2.999,1436
3.002,1127
3.006,1540
3.009,1085
3.012,1425
3.016,1461
3.019,1292
3.022,1057
3.025,1640
3.029,1223
3.032,1277
3.035,1156
3.039,1245
3.042,1105
3.045,1321
3.048,1595
3.052,1508
3.055,1078
3.058,817
3.062,903
3.065,1560
3.068,1398
3.071,1376
3.075,1624
3.078,1580
3.081,898
3.084,1504
3.088,1803
3.091,982
3.094,1266
3.098,953
3.101,1444
3.104,1185
3.107,1339
3.111,1280
3.114,1465
3.117,1465
3.121,1401
3.124,1514
3.127,1287
3.13,1460
3.134,1366
3.137,1325
3.14,1306
3.143,1419
3.147,1393
3.15,1402
3.153,1526
3.157,1619
3.16,1632
3.163,1059
3.166,1858
3.17,1345
3.173,1265
3.176,1194
3.18,1151
3.183,1560
3.186,1324
3.189,1182
3.193,1553
3.196,1092
3.199,1364
3.203,970
3.206,1218
3.209,1348
3.212,1404
3.216,1420
3.219,1177
3.222,960
3.225,1081
3.229,859
3.232,1296
3.235,1581
3.239,1010
3.242,1346
3.245,1400
3.248,1432
3.252,1491
3.255,1281
3.258,1494
3.262,1182
3.265,1193
3.268,1515
3.271,1408
3.275,1308
3.278,899
3.281,1671
3.285,1018
3.288,1159
3.291,1334
3.294,1333
3.298,1038
3.301,1536
3.304,930
3.307,1289
3.311,1246
3.314,1345
3.317,1236
3.321,1369
3.324,1436
3.327,930
3.33,1158
3.334,1417
3.337,1298
3.34,998
3.344,1378
3.347,1883
3.35,1349
3.353,1007
3.357,1061
3.36,1205
3.363,1157
3.366,1467
3.37,947
3.373,1112
3.376,1482
3.38,1316
3.383,1411
3.386,1289
3.389,1089
3.393,1445
3.396,1411
3.399,1247
3.403,1252
3.406,1145
3.409,1236
3.412,1063
3.416,1242
3.419,1135
3.422,1409
3.426,1573
3.429,941
3.432,1136
3.435,1362
3.439,951
3.442,1313
3.445,1303
3.448,841
3.452,1390
3.455,1365
3.458,1422
3.462,1280
3.465,1415
3.468,1245
3.471,950
3.475,1944
3.478,1362
3.481,907
3.485,1289
3.488,1054
3.491,1330
3.494,1224
3.498,1521
3.501,1293
3.504,1323
3.507,1175
3.511,1430
3.514,1295
3.517,858
3.521,1428
3.524,1141
3.527,1252
3.53,1314
3.534,1343
3.537,1576
3.54,1537
3.544,1353
3.547,1301
3.55,812
3.553,1210
3.557,1637
3.56,1412
3.563,1256
3.567,1561
3.57,1657
3.573,2444
3.576,2363
3.58,3827
3.583,5905
3.586,9288
3.589,13208
3.593,16870
3.596,20569
3.599,21875
3.603,22315
3.606,22140
3.609,19739
3.612,15986
3.616,12655
3.619,10813
3.622,8607
3.626,8240
3.629,6590
3.632,5125
3.635,4357
3.639,3563
3.642,2688
3.645,2259
3.649,2515
3.652,2087
3.655,2243
3.658,1990
3.662,2716
3.665,3041
3.668,4036
3.671,4279
3.675,4309
3.678,4125
3.681,3955
3.685,2754
3.688,2863
3.691,2195
3.694,2060
3.698,1851
3.701,1664
3.704,1496
3.708,1400
3.711,1685
3.714,1300
3.717,1528
3.721,1112
3.724,793
3.727,1047
3.73,1622
3.734,1536
3.737,1553
3.74,1176
3.744,1147
3.747,798
3.75,1399
3.753,1485
3.757,1167
3.76,1429
3.763,1714
3.767,1318
3.77,1498
3.773,1552
3.776,1405
3.78,1324
3.783,1536
3.786,1260
3.79,989
3.793,2191
3.796,1386
3.799,1366
3.803,1373
3.806,1445
3.809,1296
3.812,1327
3.816,1239
3.819,1433
3.822,1050
3.826,990
3.829,1478
3.832,985
3.835,1390
3.839,1438
3.842,1428
3.845,1527
3.849,1300
3.852,1474
3.855,1132
3.858,1337
3.862,1318
3.865,1368
3.868,1681
3.872,850
3.875,1638
3.878,1089
3.881,1407
3.885,1328
3.888,1622
3.891,1287
3.894,1274
3.898,1540
3.901,1378
3.904,1052
3.908,1633
3.911,1689
3.914,1777
3.917,2092
3.921,1553
3.924,1651
3.927,1441
3.931,1071
3.934,1395
3.937,1350
3.94,1691
3.944,1542
3.947,1067
3.95,917
3.953,1338
3.957,814
3.96,1054
3.963,964
3.967,1335
3.97,1204
3.973,941
3.976,1774
3.98,1201
3.983,1487
3.986,1750
3.99,2313
3.993,2547
3.996,2572
3.999,3338
4.003,3612
4.006,5230
4.009,6324
4.013,6827
4.016,7854
4.019,6941
4.022,6405
4.026,6241
4.029,4055
4.032,3930
4.035,3001
4.039,2692
4.042,2167
4.045,1645
4.049,1462
4.052,1735
4.055,1466
4.058,1714
4.062,1892
4.065,1156
4.068,1706
4.072,1779
4.075,2208
4.078,1956
4.081,1610
4.085,1250
4.088,1667
4.091,1429
4.094,1295
4.098,1488
4.101,1343
4.104,1668
4.108,1630
4.111,1345
4.114,1461
4.117,1455
4.121,1716
4.124,1469
4.127,1339
4.131,1407
4.134,1446
4.137,1379
4.14,1959
4.144,1160
4.147,1276
4.15,1546
4.154,894
4.157,1025
4.16,1673
4.163,1277
4.167,1524
4.17,1659
4.173,1687
4.176,1270
4.18,1321
4.183,865
4.186,1863
4.19,1651
4.193,1384
4.196,1750
4.199,1038
4.203,1370
4.206,1468
4.209,1462
4.213,1050
4.216,1510
4.219,1082
4.222,1360
4.226,1263
4.229,1116
4.232,1038
4.236,1424
4.239,1280
4.242,1327
4.245,1312
4.249,1250
4.252,1505
4.255,986
4.258,1379
4.262,2029
4.265,1391
4.268,1181
4.272,1892
4.275,2060
4.278,1655
4.281,2616
4.285,2341
4.288,2677
4.291,2136
4.295,2154
4.298,2267
4.301,1950
4.304,1816
4.308,1557
4.311,1483
4.314,1361
4.317,1572
4.321,1004
4.324,1441
4.327,1935
4.331,1730
4.334,2128
4.337,2257
4.34,2737
4.344,2387
4.347,2143
4.35,2335
4.354,1863
4.357,1798
4.36,1773
4.363,1288
4.367,2600
4.37,3870
4.373,6483
4.377,10742
4.38,16810
4.383,27746
4.386,38400
4.39,49923
4.393,60566
4.396,72507
4.399,74013
4.403,70743
4.406,66738
4.409,54517
4.413,44274
4.416,31572
4.419,23992
4.422,15497
4.426,10503
4.429,7640
4.432,4526
4.436,3607
4.439,2271
4.442,1630
4.445,1345
4.449,1630
4.452,1052
4.455,1680
4.458,1227
4.462,1471
4.465,1382
4.468,1585
4.472,1222
4.475,1107
4.478,1239
4.481,1535
4.485,1736
4.488,1217
4.491,1320
4.495,1565
4.498,1518
4.501,1158
4.504,1122
4.508,1092
4.511,2512
4.514,3276
4.518,4590
4.521,7810
4.524,12023
4.527,15707
4.531,21137
4.534,24184
4.537,28395
4.54,29773
4.544,27534
4.547,26710
4.55,21426
4.554,18307
4.557,15711
4.56,11781
4.563,8957
4.567,6432
4.57,5586
4.573,4607
4.577,3389
4.58,1738
4.583,1610
4.586,1633
4.59,1016
4.593,1348
4.596,1758
4.599,1637
4.603,3469
4.606,5368
4.609,7339
4.613,10045
4.616,12710
4.619,15198
4.622,19574
4.626,20483
4.629,21882
4.632,19966
4.636,18169
4.639,15175
4.642,12243
4.645,9986
4.649,7209
4.652,4658
4.655,3423
4.659,2486
4.662,1777
4.665,1275
4.668,1439
4.672,1332
4.675,1699
4.678,1517
4.681,1358
4.685,1106
4.688,1437
4.691,1014
4.695,1016
4.698,1232
4.701,1204
4.704,1220
4.708,919
4.711,1385
4.714,1139
4.718,1689
4.721,1330
4.724,1843
4.727,2544
4.731,3060
4.734,4431
4.737,4833
4.74,6193
4.744,7050
4.747,7590
4.75,6814
4.754,8324
4.757,7577
4.76,8650
4.763,9380
4.767,11698
4.77,13973
4.773,17977
4.777,21433
4.78,24986
4.783,24300
4.786,23641
4.79,20481
4.793,16338
4.796,13030
4.8,9939
4.803,7549
4.806,5401
4.809,3558
4.813,3182
4.816,1782
4.819,1460
4.822,901
4.826,1648
4.829,1395
4.832,1390
4.836,1547
4.839,1488
4.842,1373
4.845,1062
4.849,1840
4.852,1268
4.855,1192
4.859,1039
4.862,1642
4.865,2884
4.868,3673
4.872,6096
4.875,7583
4.878,10684
4.882,14174
4.885,16561
4.888,18996
4.891,21485
4.895,19452
4.898,20113
4.901,17948
4.904,16569
4.908,16070
4.911,14553
4.914,14065
4.918,12692
4.921,12854
4.924,10768
4.927,11022
4.931,10019
4.934,8938
4.937,8374
4.941,8871
4.944,9694
4.947,8870
4.95,9109
4.954,9774
4.957,10132
4.96,10490
4.963,10494
4.967,11895
4.97,11731
4.973,9414
4.977,10700
4.98,8700
4.983,8310
4.986,7851
4.99,6621
4.993,4920
4.996,3802
5,3015
5.003,2825
5.006,2200
5.009,1518
5.013,1615
5.016,1501
5.019,1940
5.023,1997
5.026,1403
5.029,1274
5.032,1478
5.036,2083
5.039,1717
5.042,1555
5.045,1437
5.049,1204
5.052,1418
5.055,1494
5.059,1187
5.062,1134
5.065,1407
5.068,1327
5.072,1341
5.075,901
5.078,1480
5.082,1388
5.085,1531
5.088,1828
5.091,1506
5.095,945
5.098,1445
5.101,1321
5.105,1096
5.108,1507
5.111,1427
5.114,1311
5.118,1163
5.121,1151
5.124,1325
5.127,1265
5.131,1541
5.134,1248
5.137,1493
5.141,1128
5.144,1403
5.147,1743
5.15,1144
5.154,1357
5.157,1329
5.16,1623
5.164,1253
5.167,1717
5.17,1428
5.173,1399
5.177,1294
5.18,1487
5.183,1496
5.187,1660
5.19,2125
5.193,3590
5.196,4429
5.2,6194
5.203,9648
5.206,13111
5.209,17471
5.213,23583
5.216,28534
5.219,37846
5.223,43405
5.226,50133
5.229,57222
5.232,57187
5.236,59863
5.239,57075
5.242,54234
5.246,48936
5.249,42271
5.252,35632
5.255,29263
5.259,27132
5.262,25320
5.265,22117
5.268,21442
5.272,20867
5.275,20557
5.278,20234
5.282,20566
5.285,20347
5.288,17362
5.291,16929
5.295,15536
5.298,13514
5.301,10280
5.305,8993
5.308,6578
5.311,5753
5.314,4471
5.318,3689
5.321,2474
5.324,2234
5.328,1462
5.331,1100
5.334,1639
5.337,1233
5.341,1095
5.344,1526
5.347,1845
5.35,2433
5.354,2226
5.357,2348
5.36,2969
5.364,2728
5.367,2237
5.37,2097
5.373,1447
5.377,2373
5.38,1799
5.383,1666
5.387,1054
5.39,1275
5.393,1453
5.396,1945
5.4,1935
5.403,3010
5.406,3755
5.409,5212
5.413,7638
5.416,11639
5.419,12754
5.423,17246
5.426,22034
5.429,25772
5.432,31534
5.436,31723
5.439,34423
5.442,37437
5.446,33558
5.449,33305
5.452,26998
5.455,23108
5.459,18572
5.462,15993
5.465,13187
5.469,9261
5.472,6912
5.475,6195
5.478,3664
5.482,2881
5.485,2871
5.488,1952
5.491,2019
5.495,1679
5.498,1548
5.501,1372
5.505,1585
5.508,1856
5.511,1470
5.514,1650
5.518,1664
5.521,1157
5.524,948
5.528,1435
5.531,1458
5.534,1610
5.537,2614
5.541,3170
5.544,5289
5.547,6901
5.551,10029
5.554,13204
5.557,16702
5.56,20753
5.564,24407
5.567,25102
5.57,27927
5.573,29219
5.577,25734
5.58,24353
5.583,22556
5.587,19547
5.59,20883
5.593,24100
5.596,39913
5.6,71962
5.603,134864
5.606,246711
5.61,428519
5.613,697183
5.616,1060812
5.619,1496583
5.623,2016567
5.626,2502706
5.629,2936525
5.632,3255850
5.636,3435133
5.639,3457064
5.642,3331438
5.646,3079820
5.649,2723974
5.652,2294051
5.655,1845064
5.659,1432367
5.662,1059891
5.665,744839
5.669,509729
5.672,331064
5.675,207703
5.678,127638
5.682,77861
5.685,48031
5.688,29507
5.692,19568
5.695,14679
5.698,11917
5.701,10197
5.705,9277
5.708,9416
5.711,7678
5.714,7800
5.718,7299
5.721,7003
5.724,6104
5.728,8210
5.731,9148
5.734,9654
5.737,10054
5.741,11207
5.744,10457
5.747,10773
5.751,10603
5.754,9582
5.757,8570
5.76,7018
5.764,6230
5.767,6263
5.77,4936
5.773,4936
5.777,3821
5.78,3551
5.783,3317
5.787,3216
5.79,2226
5.793,1823
5.796,1375
5.8,1437
5.803,1187
5.806,1581
5.81,900
5.813,1378
5.816,1106
5.819,1296
5.823,1238
5.826,1323
5.829,1460
5.833,1002
5.836,1360
5.839,2420
5.842,2719
5.846,3051
5.849,3644
5.852,3958
5.855,4186
5.859,4687
5.862,5988
5.865,5570
5.869,6190
5.872,5294
5.875,5395
5.878,5349
5.882,3821
5.885,3610
5.888,2949
5.892,2793
5.895,2493
5.898,1352
5.901,1456
5.905,1239
5.908,1114
5.911,1605
5.915,1527
5.918,1214
5.921,1510
5.924,1267
5.928,1471
5.931,1497
5.934,1256
5.937,2010
5.941,1684
5.944,3373
5.947,4324
5.951,4708
5.954,5023
5.957,6879
5.96,7618
5.964,8721
5.967,10285
5.97,10140
5.974,10734
5.977,11097
5.98,10334
5.983,9925
5.987,10062
5.99,8790
5.993,8016
5.996,6076
6,5833
6.003,4582
6.006,3709
6.01,3128
6.013,2613
6.016,2349
6.019,2800
6.023,2455
6.026,2311
6.029,2511
6.033,2478
6.036,3133
6.039,2820
6.042,2767
6.046,2678
6.049,2643
6.052,2476
6.056,2699
6.059,1451
6.062,1634
6.065,1492
6.069,1568
6.072,1489
6.075,1365
6.078,1420
6.082,1633
6.085,1317
6.088,1588
6.092,1784
6.095,1750
6.098,1210
6.101,1581
6.105,1341
6.108,2798
6.111,3481
6.115,3052
6.118,3520
6.121,3865
6.124,4055
6.128,4199
6.131,5052
6.134,4783
6.137,5633
6.141,5529
6.144,6281
6.147,7795
6.151,8062
6.154,9648
6.157,11217
6.16,11397
6.164,13070
6.167,12185
6.17,13756
6.174,12965
6.177,14515
6.18,14166
6.183,13179
6.187,13040
6.19,13325
6.193,12572
6.197,11888
6.2,12389
6.203,14516
6.206,14815
6.21,15972
6.213,17521
6.216,18649
6.219,20311
6.223,20485
6.226,19824
6.229,19000
6.233,18924
6.236,17639
6.239,15594
6.242,13481
6.246,11024
6.249,9342
6.252,7545
6.256,5934
6.259,5180
6.262,4425
6.265,2756
6.269,3030
6.272,2391
6.275,2146
6.279,2094
6.282,1617
6.285,2016
6.288,1777
6.292,1985
6.295,1915
6.298,2061
6.301,1839
6.305,1922
6.308,2132
6.311,1830
6.315,1561
6.318,1340
6.321,2080
6.324,1780
6.328,2074
6.331,1330
6.334,1911
6.338,1679
6.341,1346
6.344,1539
6.347,1490
6.351,1647
6.354,1582
6.357,1653
6.36,1787
6.364,1487
6.367,1622
6.37,1423
6.374,1722
6.377,1688
6.38,1632
6.383,1609
6.387,1270
6.39,1570
6.393,1283
6.397,1037
6.4,1383
6.403,1401
6.406,1817
6.41,1473
6.413,1365
6.416,1384
6.42,1415
6.423,1741
6.426,1359
6.429,1444
6.433,1460
6.436,1469
6.439,1105
6.442,899
6.446,1575
6.449,1460
6.452,1622
6.456,1861
6.459,2540
6.462,3468
6.465,4858
6.469,7812
6.472,10689
6.475,16045
6.479,22896
6.482,31937
6.485,41321
6.488,55704
6.492,70799
6.495,89988
6.498,102606
6.502,116965
6.505,130836
6.508,142708
6.511,150500
6.515,149959
6.518,148907
6.521,143284
6.524,134669
6.528,122664
6.531,111756
6.534,97256
6.538,87041
6.541,69677
6.544,59856
6.547,47576
6.551,38888
6.554,30192
6.557,22554
6.561,19071
6.564,14018
6.567,9933
6.57,7773
6.574,6109
6.577,4729
6.58,3798
6.583,2900
6.587,1802
6.59,1681
6.593,1579
6.597,1317
6.6,1109
6.603,1132
6.606,1355
6.61,1223
6.613,1520
6.616,1295
6.62,1766
6.623,2067
6.626,2488
6.629,2914
6.633,4117
6.636,4718
6.639,5014
6.643,5271
6.646,6466
6.649,6982
6.652,6031
6.656,5693
6.659,5858
6.662,5251
6.665,5449
6.669,3044
6.672,4099
6.675,3133
6.679,3036
6.682,2959
6.685,2710
6.688,2200
6.692,2673
6.695,2487
6.698,2252
6.702,2597
6.705,2270
6.708,2208
6.711,2375
6.715,1311
6.718,2011
6.721,2691
6.724,2997
6.728,3893
6.731,5227
6.734,7299
6.738,9156
6.741,11632
6.744,14318
6.747,18093
6.751,22177
6.754,26522
6.757,29461
6.761,33182
6.764,36077
6.767,36415
6.77,35161
6.774,33806
6.777,31610
6.78,28505
6.784,26560
6.787,23120
6.79,20888
6.793,17918
6.797,14570
6.8,11759
6.803,9875
6.806,7696
6.81,6656
6.813,5014
6.816,4591
6.82,3748
6.823,3632
6.826,3475
6.829,2979
6.833,2909
6.836,2825
6.839,2469
6.843,1858
6.846,1753
6.849,1878
6.852,1938
6.856,2455
6.859,2143
6.862,2261
6.865,2656
6.869,3171
6.872,2352
6.875,3280
6.879,3245
6.882,3364
6.885,4272
6.888,4115
6.892,4900
6.895,5865
6.898,6214
6.902,6205
6.905,6277
6.908,7136
6.911,6769
6.915,6818
6.918,7430
6.921,5737
6.925,5796
6.928,6105
6.931,5200
6.934,4461
6.938,5400
6.941,5542
6.944,6778
6.947,7977
6.951,10858
6.954,13571
6.957,16517
6.961,19210
6.964,24828
6.967,27789
6.97,33236
6.974,37064
6.977,42265
6.98,44247
6.984,46440
6.987,44920
6.99,45365
6.993,44468
6.997,42555
7,39833
7.003,38121
7.007,32954
7.01,29551
7.013,27019
7.016,21659
7.02,19158
7.023,15941
7.026,12867
7.029,11687
7.033,8637
7.036,8200
7.039,6408
7.043,4980
7.046,3832
7.049,2926
7.052,2006
7.056,1767
7.059,1377
7.062,1407
7.066,1422
7.069,1560
7.072,1552
7.075,1236
7.079,1203
7.082,1068
7.085,1271
7.088,2022
7.092,1063
7.095,1467
7.098,1549
7.102,1471
7.105,1471
7.108,1453
7.111,1312
7.115,1246
7.118,1595
7.121,1326
7.125,1611
7.128,1323
7.131,1540
7.134,1922
7.138,1407
7.141,1895
7.144,1431
7.148,1202
7.151,1511
7.154,1022
7.157,1493
7.161,1074
7.164,1389
7.167,1484
7.17,999
7.174,1581
7.177,1660
7.18,1633
7.184,1498
7.187,1496
7.19,1651
7.193,1520
7.197,1149
7.2,1226
7.203,1275
7.207,1407
7.21,1185
7.213,1634
7.216,1264
7.22,1252
7.223,2334
7.226,2299
7.23,3471
7.233,3961
7.236,4083
7.239,4174
7.243,5283
7.246,5316
7.249,5621
7.252,5381
7.256,5575
7.259,5841
7.262,6561
7.266,7053
7.269,7144
7.272,6974
7.275,7647
7.279,7302
7.282,8291
7.285,7120
7.289,7402
7.292,7369
7.295,7146
7.298,6192
7.302,6240
7.305,5220
7.308,5304
7.311,5783
7.315,6061
7.318,5898
7.321,5951
7.325,9078
7.328,9890
7.331,11787
7.334,15150
7.338,18679
7.341,21343
7.344,26138
7.348,28928
7.351,30072
7.354,32644
7.357,31622
7.361,34723
7.364,31002
7.367,28525
7.371,27081
7.374,25081
7.377,21881
7.38,21138
7.384,16950
7.387,14751
7.39,11600
7.393,9748
7.397,8168
7.4,7230
7.403,5284
7.407,4343
7.41,3787
7.413,3324
7.416,3125
7.42,2505
7.423,2002
7.426,1748
7.43,2126
7.433,1710
7.436,2214
7.439,2028
7.443,2731
7.446,3041
7.449,2209
7.453,3196
7.456,3922
7.459,3928
7.462,4127
7.466,5114
7.469,4938
7.472,5867
7.475,5671
7.479,5937
7.482,6611
7.485,6726
7.489,5830
7.492,5813
7.495,5259
7.498,4807
7.502,5289
7.505,5118
7.508,5390
7.512,6705
7.515,5716
7.518,7972
7.521,9803
7.525,12469
7.528,15332
7.531,18672
7.534,22215
7.538,27103
7.541,34420
7.544,38419
7.548,46570
7.551,51779
7.554,54900
7.557,61352
7.561,65091
7.564,67211
7.567,74573
7.571,70766
7.574,68643
7.577,65417
7.58,65101
7.584,60961
7.587,53741
7.59,49882
7.594,43898
7.597,40167
7.6,33100
7.603,27663
7.607,23276
7.61,18328
7.613,15844
7.616,12921
7.62,10273
7.623,8378
7.626,6325
7.63,5029
7.633,3789
7.636,3317
7.639,3363
7.643,2988
7.646,2189
7.649,2393
7.653,1652
7.656,1938
7.659,1975
7.662,2488
7.666,2257
7.669,1950
7.672,2558
7.675,1905
7.679,1665
7.682,2521
7.685,2030
7.689,1693
7.692,2349
7.695,2529
7.698,2107
7.702,1748
7.705,2436
7.708,2308
7.712,2609
7.715,2452
7.718,2288
7.721,2482
7.725,2062
7.728,1921
7.731,1952
7.735,1656
7.738,1728
7.741,1857
7.744,1772
7.748,1303
7.751,1592
7.754,1985
7.757,2392
7.761,2512
7.764,2033
7.767,2530
7.771,3201
7.774,3819
7.777,4303
7.78,6291
7.784,8066
7.787,10695
7.79,13546
7.794,15646
7.797,18167
7.8,22070
7.803,26608
7.807,29000
7.81,33057
7.813,36973
7.817,40058
7.82,44033
7.823,42291
7.826,46103
7.83,47875
7.833,50148
7.836,49448
7.839,51928
7.843,49751
7.846,50678
7.849,51092
7.853,50023
7.856,49452
7.859,50637
7.862,50601
7.866,49045
7.869,52198
7.872,50971
7.876,49941
7.879,49167
7.882,49341
7.885,48542
7.889,48147
7.892,50353
7.895,49550
7.898,47165
7.902,46153
7.905,46077
7.908,46333
7.912,47999
7.915,46217
7.918,45537
7.921,45599
7.925,45258
7.928,44799
7.931,43319
7.935,44232
7.938,43714
7.941,44929
7.944,42790
7.948,41783
7.951,41793
7.954,41148
7.958,38729
7.961,38818
7.964,38077
7.967,37948
7.971,38216
7.974,36820
7.977,37366
7.98,36664
7.984,35609
7.987,35357
7.99,37764
7.994,33899
7.997,35270
8,35826
8.003,36641
8.007,36791
8.01,37809
8.013,40597
8.017,39975
8.02,41146
8.023,41266
8.026,41676
8.03,41054
8.033,39669
8.036,39413
8.039,40608
8.043,36241
8.046,35690
8.049,33235
8.053,32350
8.056,32462
8.059,32727
8.062,30829
8.066,29835
8.069,28289
8.072,28226
8.076,28035
8.079,28146
8.082,25323
8.085,27748
8.089,27601
8.092,25892
8.095,25215
8.099,26436
8.102,27306
8.105,25627
8.108,26024
8.112,27578
8.115,27205
8.118,26367
8.121,27607
8.125,27289
8.128,26943
8.131,26901
8.135,28081
8.138,27025
8.141,28667
8.144,26853
8.148,28969
8.151,25896
8.154,26495
8.158,25706
8.161,24170
8.164,25198
8.167,23381
8.171,20664
8.174,21168
8.177,19930
8.181,21312
8.184,20313
8.187,19869
8.19,19383
8.194,17739
8.197,18584
8.2,17741
8.203,17237
8.207,17010
8.21,16387
8.213,15977
8.217,16147
8.22,15072
8.223,15961
8.226,14929
8.23,15366
8.233,15253
8.236,13301
8.24,14916
8.243,12394
8.246,13727
8.249,13513
8.253,13497
8.256,12966
8.259,13424
8.262,14621
8.266,14506
8.269,14977
8.272,16534
8.276,18973
8.279,18657
8.282,22116
8.285,23832
8.289,24817
8.292,25541
8.295,29344
8.299,30804
8.302,32147
8.305,30780
8.308,32745
8.312,31595
8.315,28298
8.318,26964
8.322,26240
8.325,24232
8.328,23015
8.331,21018
8.335,21309
8.338,20207
8.341,19880
8.344,18423
8.348,18315
8.351,16658
8.354,15947
8.358,16920
8.361,16462
8.364,14663
8.367,14182
8.371,14578
8.374,14389
8.377,13116
8.381,13436
8.384,11881
8.387,14987
8.39,14815
8.394,15266
8.397,16681
8.4,17962
8.403,20059
8.407,20829
8.41,21753
8.413,24168
8.417,24030
8.42,25470
8.423,24360
8.426,24843
8.43,23146
8.433,23789
8.436,20964
8.44,20840
8.443,19667
8.446,15873
8.449,15785
8.453,13950
8.456,11163
8.459,10132
8.463,8438
8.466,7424
8.469,7684
8.472,5312
8.476,5778
8.479,5963
8.482,4593
8.485,4015
8.489,2999
8.492,4514
8.495,4257
8.499,4146
8.502,3655
8.505,4445
8.508,5087
8.512,5446
8.515,5027
8.518,5480
8.522,4873
8.525,5439
8.528,5730
8.531,5143
8.535,5242
8.538,4483
8.541,4755
8.544,4321
8.548,2865
8.551,3328
8.554,3520
8.558,2852
8.561,2918
8.564,2153
8.567,2636
8.571,2853
8.574,2786
8.577,2735
8.581,2007
8.584,2812
8.587,2650
8.59,2336
8.594,2676
8.597,2867
8.6,2539
8.604,3187
8.607,2557
8.61,2285
8.613,2728
8.617,3015
8.62,2572
8.623,2668
8.626,2725
8.63,2588
8.633,2671
8.636,3255
8.64,3154
8.643,3161
8.646,3095
8.649,2969
8.653,0
8.656,0
8.659,0
8.663,0
8.666,0
8.669,0
8.672,0
8.676,0
8.679,0
8.682,0
8.686,0
8.689,0
8.692,0
8.695,0
8.699,0
8.702,0
8.705,0
8.708,0
8.712,0
8.715,0
8.718,0
8.722,0
8.725,0
8.728,0
8.731,0
8.735,0
8.738,0
8.741,0
8.745,0
8.748,0
8.751,0
8.754,0
8.758,0
8.761,0
8.764,0
8.768,0
8.771,0
8.774,0
8.777,0
8.781,0
8.784,0
8.787,0
8.79,0
8.794,0
8.797,0
8.8,0
8.804,0
8.807,0
8.81,0
8.813,0
8.817,0
8.82,0
8.823,0
8.827,0
8.83,0
8.833,0
8.836,0
8.84,0
8.843,0
8.846,0
8.849,0
8.853,0
8.856,0
8.859,0
8.863,0
8.866,0
8.869,0
8.872,0
8.876,0
8.879,0
8.882,0
8.886,0
8.889,0
8.892,0
8.895,0
8.899,0
8.902,0
8.905,0
8.909,0
8.912,0
8.915,0
8.918,0
8.922,0
8.925,0
8.928,0
8.931,0
8.935,0
8.938,0
8.941,0
8.945,0
8.948,0
8.951,0
8.954,0
8.958,0
8.961,0
8.964,0
8.968,0
8.971,0
8.974,0
8.977,0
8.981,0
8.984,0
8.987,0
8.99,0
8.994,0
8.997,0
9,0
9.004,0
9.007,0
9.01,0
9.013,0
9.017,0
9.02,0
9.023,0
9.027,0
9.03,0
9.033,0
9.036,0
9.04,0
9.043,0
9.046,0
9.05,0
9.053,0
9.056,0
9.059,0
9.063,0
9.066,0
9.069,0
9.072,0
9.076,0
9.079,0
9.082,0
9.086,0
9.089,0
9.092,0
9.095,0
9.099,0
9.102,0
9.105,0
9.109,0
9.112,0
9.115,0
9.118,0
9.122,0
9.125,0
9.128,0
9.132,0
9.135,0
9.138,0
9.141,0
9.145,0
9.148,0
9.151,0
9.154,0
9.158,0
9.161,0
9.164,0
9.168,0
9.171,0
9.174,0
9.177,0
9.181,0
9.184,0
9.187,0
9.191,0
9.194,0
9.197,0
9.2,0
9.204,0
9.207,0
9.21,0
9.213,0
9.217,0
9.22,0
9.223,0
9.227,0
9.23,0
9.233,0
9.236,0
9.24,0
9.243,0
9.246,0
9.25,0
9.253,0
9.256,0
9.259,0
9.263,0
9.266,0
9.269,0
9.273,0
9.276,0
9.279,0
9.282,0
9.286,0
9.289,0
9.292,0
9.295,0
9.299,0
9.302,0
9.305,0
9.309,0
9.312,0
9.315,0
9.318,0
9.322,0
9.325,0
9.328,0
9.332,0
9.335,0
9.338,0
9.341,0
9.345,0
9.348,0
9.351,0
9.354,0
9.358,0
9.361,0
9.364,0
9.368,0
9.371,0
9.374,0
9.377,0
9.381,0
9.384,0
9.387,0
9.391,0
9.394,0
9.397,0
9.4,0
9.404,0
9.407,0
9.41,0
9.414,0
9.417,0
9.42,0
9.423,0
9.427,0
9.43,0
9.433,0
9.436,0
9.44,0
9.443,0
9.446,0
9.45,0
9.453,0
9.456,0
9.459,0
9.463,0
9.466,0
9.469,0
9.473,0
9.476,0
9.479,0
9.482,0
9.486,0
9.489,0
9.492,0
9.495,0
9.499,0
9.502,0
9.505,0
9.509,0
9.512,0
9.515,0
9.518,0
9.522,0
9.525,0
9.528,0
9.532,0
9.535,0
9.538,0
9.541,0
9.545,0
9.548,0
9.551,0
9.555,0
9.558,0
9.561,0
9.564,0
9.568,0
9.571,0
9.574,0
9.577,0
9.581,0
9.584,0
9.587,0
9.591,0
9.594,0
9.597,0
9.6,0
9.604,0
9.607,0
9.61,0
9.614,0
9.617,0
9.62,0
9.623,0
9.627,0
9.63,0
9.633,0
9.637,0
9.64,0
9.643,0
9.646,0
9.65,0
9.653,0
9.656,0
9.659,0
9.663,0
9.666,0
9.669,0
9.673,0
9.676,0
9.679,0
9.682,0
9.686,0
9.689,0
9.692,0
9.696,0
9.699,0
9.702,0
9.705,0
9.709,0
9.712,0
9.715,0
9.719,0
9.722,0
9.725,0
9.728,0
9.732,0
9.735,0
9.738,0
9.741,0
9.745,0
9.748,0
9.751,0
9.755,0
9.758,0
9.761,0
9.764,0
9.768,0
9.771,0
9.774,0
9.778,0
9.781,0
9.784,0
9.787,0
9.791,0
9.794,0
9.797,0
9.8,0
9.804,0
9.807,0
9.81,0
9.814,0
9.817,0
9.82,0
9.823,0
9.827,0
9.83,532
9.833,0
9.837,0
9.84,0
9.843,23931
9.846,19143
9.85,17804
9.853,18003
9.856,18046
9.86,16249
9.863,16975
9.866,15931
9.869,16157
9.873,15783
9.876,15473
9.879,15608
9.882,16667
9.886,17593
9.889,15877
9.892,16109
9.896,16668
9.899,15125
9.902,15637
9.905,15725
9.909,16075
9.912,15616
9.915,16417
9.919,15044
9.922,16202
9.925,16438
9.928,17201
9.932,17657
9.935,19609
9.938,22166
9.941,22050
9.945,24941
9.948,28364
9.951,31727
9.955,34673
9.958,39641
9.961,43355
9.964,48232
9.968,48959
9.971,51607
9.974,53715
9.978,51756
9.981,53351
9.984,51997
9.987,49704
9.991,45753
9.994,44203
9.997,37125
10.001,38288
10.004,34742
10.007,30106
10.01,27958
10.014,24371
10.017,22796
10.02,20664
10.023,19027
10.027,18302
10.03,15312
10.033,15125
10.037,14123
10.04,12680
10.043,12516
10.046,11475
10.05,12604
10.053,11551
10.056,12518
10.06,11175
10.063,11588
10.066,10601
10.069,10946
10.073,10289
10.076,10636
10.079,10379
10.083,9665
10.086,10048
10.089,10510
10.092,9151
10.096,10097
10.099,9257
10.102,9543
10.105,9913
10.109,10199
10.112,9232
10.115,10362
10.119,9598
10.122,10104
10.125,9779
10.128,10147
10.132,10563
10.135,11151
10.138,11108
10.142,10129
10.145,10243
10.148,9795
10.151,10474
10.155,9791
10.158,9563
10.161,10130
10.164,9366
10.168,9522
10.171,9105
10.174,8905
10.178,8479
10.181,8040
10.184,9222
10.187,7825
10.191,8654
10.194,8289
10.197,9229
10.201,7938
10.204,7607
10.207,8049
10.21,7913
10.214,8187
10.217,8380
10.22,8822
10.224,8157
10.227,8801
10.23,8171
10.233,7789
10.237,8138
10.24,8887
10.243,9242
10.246,7960
10.25,8200
10.253,9048
10.256,9115
10.26,8619
10.263,8799
10.266,8928
10.269,8818
10.273,8147
10.276,7414
10.279,9370
10.283,8005
10.286,8047
10.289,7717
10.292,8423
10.296,8442
10.299,8323
10.302,9140
10.305,9378
10.309,9637
10.312,9825
10.315,9460
10.319,9215
10.322,9659
10.325,9360
10.328,10054
10.332,9005
10.335,9658
10.338,10313
10.342,10114
10.345,10216
10.348,10229
10.351,8958
10.355,9684
10.358,8822
10.361,9154
10.365,8940
10.368,8749
10.371,8543
10.374,8520
10.378,8435
10.381,8820
10.384,8576
10.387,8442
10.391,8512
10.394,8552
10.397,8775
10.401,8526
10.404,8075
10.407,7966
10.41,8495
10.414,7316
10.417,8300
10.42,6977
10.424,8471
10.427,8027
10.43,7364
10.433,7828
10.437,7625
10.44,6796
10.443,7756
10.447,6474
10.45,7226
10.453,7315
10.456,6216
10.46,6525
10.463,6977
10.466,6897
10.469,6041
10.473,6575
10.476,6748
10.479,7044
10.483,6183
10.486,6668
10.489,5771
10.492,6346
10.496,6464
10.499,6147
10.502,6614
10.506,6243
10.509,5831
10.512,6539
10.515,6447
10.519,6917
10.522,6226
10.525,6354
10.528,5632
10.532,6434
10.535,5479
10.538,6462
10.542,6265
10.545,6538
10.548,6042
10.551,5365
10.555,6574
10.558,5580
10.561,6140
10.565,5654
10.568,5346
10.571,6379
10.574,5954
10.578,5570
10.581,5773
10.584,6321
10.588,5992
10.591,5408
10.594,6386
10.597,5899
10.601,6150
10.604,6034
10.607,6311
10.61,5767
10.614,6350
10.617,5958
10.62,5587
10.624,6050
10.627,6530
10.63,5513
10.633,6827
10.637,6668
10.64,7235
10.643,5701
10.647,6619
10.65,6656
10.653,6441
10.656,6526
10.66,7164
10.663,6704
10.666,6351
10.669,6787
10.673,5818
10.676,5679
10.679,5632
10.683,5075
10.686,5231
10.689,5378
10.692,5787
10.696,4521
10.699,4746
10.702,4015
10.706,5048
10.709,4774
10.712,4895
10.715,4433
10.719,4751
10.722,3750
10.725,4585
10.729,5193
10.732,4628
10.735,4772
10.738,4850
10.742,4129
10.745,4923
10.748,4833
10.751,4396
10.755,4594
10.758,4485
10.761,5538
10.765,4464
10.768,5006
10.771,4731
10.774,5133
10.778,5380
10.781,4935
10.784,5541
10.788,4549
10.791,5304
10.794,4523
10.797,4846
10.801,4730
10.804,4707
10.807,4790
10.811,4571
10.814,4043
10.817,4419
10.82,4973
10.824,4941
10.827,5102
10.83,5178
10.833,4717
10.837,5013
10.84,4828
10.843,3904
10.847,5238
10.85,4531
10.853,5337
10.856,4396
10.86,4297
10.863,4588
10.866,4761
10.87,4447
10.873,4980
10.876,4364
10.879,6234
10.883,5829
10.886,6170
10.889,6566
10.892,6632
10.896,7014
10.899,6925
10.902,6640
10.906,7121
10.909,6985
10.912,6168
10.915,7090
10.919,6477
10.922,5568
10.925,6051
10.929,4766
10.932,3374
10.935,4350
10.938,3965
10.942,3499
10.945,3697
10.948,3173
10.952,3046
10.955,3419
10.958,3053
10.961,3019
10.965,3066
10.968,3441
10.971,2283
10.974,3537
10.978,2705
10.981,2935
10.984,2294
10.988,2468
10.991,3394
10.994,3933
10.997,3486
11.001,4090
11.004,3627
11.007,3894
11.011,3641
11.014,4562
11.017,3498
11.02,5347
11.024,4950
11.027,5225
11.03,6019
11.034,6451
11.037,9633
11.04,10569
11.043,11403
11.047,15052
11.05,17177
11.053,21477
11.056,23076
11.06,25882
11.063,28347
11.066,24706
11.07,24534
11.073,21988
11.076,19176
11.079,16238
11.083,13131
11.086,12488
11.089,8831
11.093,8026
11.096,6043
11.099,5275
11.102,4765
11.106,4118
11.109,4101
11.112,3829
11.115,2713
11.119,3082
11.122,3823
11.125,2556
11.129,2894
11.132,2551
11.135,2150
11.138,2525
11.142,2403
11.145,2235
11.148,1784
11.152,3046
11.155,2030
11.158,2858
11.161,2197
11.165,2123
11.168,1810
11.171,2116
11.175,1748
11.178,1926
11.181,1705
11.184,1998
11.188,2002
11.191,2142
11.194,2619
11.197,2907
11.201,3748
11.204,2587
11.207,2877
11.211,4533
11.214,3873
11.217,4464
11.22,3744
11.224,5684
11.227,4210
11.23,4209
11.234,3929
11.237,3687
11.24,2984
11.243,3717
11.247,2479
11.25,2707
11.253,2255
11.256,1907
11.26,2268
11.263,2541
11.266,2521
11.27,2183
11.273,2153
11.276,2589
11.279,3501
11.283,3950
11.286,5548
11.289,8353
11.293,12185
11.296,18679
11.299,24842
11.302,31711
11.306,40593
11.309,47646
11.312,54587
11.316,58465
11.319,58401
11.322,57503
11.325,50696
11.329,44630
11.332,38209
11.335,29748
11.338,22758
11.342,17303
11.345,12965
11.348,8945
11.352,6753
11.355,4456
11.358,3840
11.361,2642
11.365,1732
11.368,944
11.371,989
11.375,1247
11.378,938
11.381,1558
11.384,1615
11.388,2395
11.391,2362
11.394,2455
11.398,1765
11.401,2602
11.404,1931
11.407,2452
11.411,2590
11.414,2021
11.417,2454
11.42,2017
11.424,2616
11.427,1903
11.43,2975
11.434,1953
11.437,2161
11.44,1826
11.443,2094
11.447,1028
11.45,1048
11.453,1241
11.457,1345
11.46,743
11.463,1014
11.466,1311
11.47,754
11.473,943
11.476,1171
11.479,1169
11.483,1152
11.486,697
11.489,994
11.493,1005
11.496,754
11.499,1232
11.502,0
11.506,0
11.509,0
11.512,0
11.516,0
11.519,0
11.522,0
11.525,0
11.529,0
11.532,0
11.535,0
11.539,0
11.542,0
11.545,0
11.548,0
11.552,0
11.555,0
11.558,0
11.561,0
11.565,0
11.568,0
11.571,0
11.575,0
11.578,0
11.581,0
11.584,0
11.588,0
11.591,0
11.594,0
11.598,0
11.601,0
11.604,0
11.607,0
11.611,0
11.614,0
11.617,0
11.62,0
11.624,0
11.627,0
11.63,0
11.634,0
11.637,0
11.64,0
11.643,0
11.647,0
11.65,0
11.653,0
11.657,0
11.66,0
11.663,0
11.666,0
11.67,0
11.673,0
11.676,0
11.68,0
11.683,0
11.686,0
11.689,0
11.693,0
11.696,0
11.699,0
11.702,0
11.706,0
11.709,0
11.712,0
11.716,0
11.719,0
11.722,0
11.725,0
11.729,0
11.732,0
11.735,0
11.739,0
11.742,0
11.745,0
11.748,0
11.752,0
11.755,0
11.758,0
11.762,0
11.765,0
11.768,0
11.771,0
11.775,0
11.778,0
11.781,0
11.784,0
11.788,0
11.791,0
11.794,0
11.798,0
11.801,0
11.804,0
11.807,0
11.811,0
11.814,0
11.817,0
11.821,0
11.824,0
11.827,0
11.83,0
11.834,0
11.837,0
11.84,0
11.843,0
11.847,0
11.85,0
11.853,0
11.857,0
11.86,0
11.863,0
11.866,0
11.87,0
11.873,0
11.876,0
11.88,0
11.883,0
11.886,0
11.889,0
11.893,0
11.896,0
11.899,0
11.903,0
11.906,0
11.909,0
11.912,0
11.916,0
11.919,0
11.922,0
11.925,0
11.929,0
11.932,0
11.935,0
11.939,0
11.942,0
11.945,0
11.948,0
11.952,0
11.955,0
11.958,0
11.962,0
11.965,0
11.968,0
11.971,0
11.975,0
11.978,0
11.981,0
11.985,0
11.988,0
11.991,0
11.994,0
11.998,0
12.001,0
12.004,0
12.007,0
12.011,0
12.014,0
12.017,0
12.021,0
12.024,0
12.027,0
12.03,0
12.034,0
12.037,0
12.04,0
12.044,0
12.047,0
12.05,0
12.053,0
12.057,0
12.06,0
12.063,0
12.066,0
12.07,0
12.073,0
12.076,0
12.08,0
12.083,0
12.086,0
12.089,0
12.093,0
12.096,0
12.099,0
12.103,0
12.106,0
12.109,0
12.112,0
12.116,0
12.119,0
12.122,0
12.126,0
12.129,0
12.132,0
12.135,0
12.139,0
12.142,0
12.145,0
12.148,0
12.152,0
12.155,0
12.158,0
12.162,0
12.165,0
12.168,0
12.171,0
12.175,0
12.178,0
12.181,0
12.185,0
12.188,0
12.191,0
12.194,0
12.198,0
12.201,0
12.204,0
12.207,0
12.211,0
12.214,0
12.217,0
12.221,0
12.224,0
12.227,0
12.23,0
12.234,0
12.237,0
12.24,0
12.244,0
12.247,0
12.25,0
12.253,0
12.257,0
12.26,0
12.263,0
12.267,0
12.27,0
12.273,0
12.276,0
12.28,0
12.283,0
12.286,0
12.289,0
12.293,0
12.296,0
12.299,0
12.303,0
12.306,0
12.309,0
12.312,0
12.316,0
12.319,0
12.322,0
12.326,0
12.329,0
12.332,0
12.335,0
12.339,0
12.342,0
12.345,0
12.349,0
12.352,0
12.355,0
12.358,0
12.362,0
12.365,0
12.368,0
12.371,0
12.375,0
12.378,0
12.381,0
12.385,0
12.388,0
12.391,0
12.394,0
12.398,0
12.401,0
12.404,0
12.408,0
12.411,0
12.414,0
12.417,0
12.421,0
12.424,0
12.427,0
12.43,0
12.434,0
12.437,0
12.44,0
12.444,0
12.447,0
12.45,0
12.453,0
12.457,0
12.46,0
12.463,0
12.467,0
12.47,0
12.473,0
12.476,0
12.48,0
12.483,0
12.486,0
12.49,0
12.493,0
12.496,0
12.499,0
12.503,0
12.506,0
12.509,0
12.512,0
12.516,0
12.519,0
12.522,0
12.526,0
12.529,0
12.532,0
12.535,0
12.539,0
12.542,0
12.545,0
12.549,0
12.552,0
12.555,0
12.558,0
12.562,0
12.565,0
12.568,0
12.571,0
12.575,0
12.578,0
12.581,0
12.585,0
12.588,0
12.591,0
12.594,0
12.598,0
12.601,0
12.604,0
12.608,0
12.611,0
12.614,0
12.617,0
12.621,0
12.624,0
12.627,0
12.631,0
12.634,0
12.637,0
12.64,0
12.644,0
12.647,0
12.65,0
12.653,0
12.657,0
12.66,0
12.663,0
12.667,0
12.67,0
12.673,0
12.676,0
12.68,0
12.683,0
12.686,0
12.69,0
12.693,0
12.696,0
12.699,0
12.703,0
12.706,0
12.709,0
12.713,0
12.716,0
12.719,0
12.722,0
12.726,0
12.729,0
12.732,0
12.735,0
12.739,0
12.742,0
12.745,0
12.749,0
12.752,0
12.755,0
12.758,0
12.762,0
12.765,0
12.768,0
12.772,0
12.775,0
12.778,0
12.781,0
12.785,0
12.788,0
12.791,0
12.794,0
12.798,0
12.801,0
12.804,0
12.808,0
12.811,0
12.814,0
12.817,0
12.821,0
12.824,0
12.827,0
12.831,0
12.834,0
12.837,0
12.84,0
12.844,0
12.847,0
12.85,0
12.854,0
12.857,0
12.86,0
12.863,0
12.867,0
12.87,0
12.873,0
12.876,0
12.88,0
12.883,0
12.886,0
12.89,0
12.893,0
12.896,0
12.899,0
12.903,0
12.906,0
12.909,0
12.913,0
12.916,0
12.919,0
12.922,0
12.926,0
12.929,0
12.932,0
12.935,0
12.939,0
12.942,0
12.945,0
12.949,0
12.952,0
12.955,0
12.958,0
12.962,0
12.965,0
12.968,0
12.972,0
12.975,0
12.978,0
12.981,0
12.985,0
12.988,0
12.991,0
12.995,0
12.998,0
13.001,0
13.004,0
13.008,0
13.011,0
13.014,0
13.017,0
13.021,0
13.024,0
13.027,0
13.031,0
13.034,0
13.037,0
13.04,0
13.044,0
13.047,0
13.05,0
13.054,0
13.057,0
13.06,0
13.063,0
13.067,0
13.07,0
13.073,0
13.077,0
13.08,0
13.083,0
13.086,0
13.09,0
13.093,0
13.096,0
13.099,0
13.103,0
13.106,0
13.109,0
13.113,0
13.116,0
13.119,0
13.122,0
13.126,0
13.129,0
13.132,0
13.136,0
13.139,0
13.142,0
13.145,0
13.149,0
13.152,0
13.155,0
13.158,0
13.162,0
13.165,0
13.168,0
13.172,0
13.175,0
13.178,0
13.181,0
13.185,0
13.188,0
13.191,0
13.195,0
13.198,0
13.201,0
13.204,0
13.208,0
13.211,0
13.214,0
13.218,0
13.221,0
13.224,0
13.227,0
13.231,0
13.234,0
13.237,0
13.24,0
13.244,0
13.247,0
13.25,0
13.254,0
13.257,0
13.26,0
13.263,0
13.267,0
13.27,0
13.273,0
13.277,0
13.28,0
13.283,0
13.286,0
13.29,0
13.293,0
13.296,0
13.3,0
13.303,0
13.306,0
13.309,0
13.313,0
13.316,0
13.319,0
13.322,0
13.326,0
13.329,0
13.332,0
13.336,0
13.339,0
13.342,0
13.345,0
13.349,0
13.352,0
13.355,0
13.359,0
13.362,0
13.365,0
13.368,0
13.372,0
13.375,0
13.378,0
13.381,0
13.385,0
13.388,0
13.391,0
13.395,0
13.398,0
13.401,0
13.404,0
13.408,0
13.411,0
13.414,0
13.418,0
13.421,0
13.424,0
13.427,0
13.431,0
13.434,0
13.437,0
13.441,0
13.444,0
13.447,0
13.45,0
13.454,0
13.457,0
13.46,0
13.463,0
13.467,0
13.47,0
13.473,0
13.477,0
13.48,0
13.483,0
13.486,0
13.49,0
13.493,0
13.496,0
13.5,0
13.503,0
13.506,0
13.509,0
13.513,0
13.516,0
13.519,0
13.522,0
13.526,0
13.529,0
13.532,0
13.536,0
13.539,0
13.542,0
13.545,0
13.549,0
13.552,0
13.555,0
13.559,0
13.562,0
13.565,0
13.568,0
13.572,0
13.575,0
13.578,0
13.582,0
13.585,0
13.588,0
13.591,0
13.595,0
13.598,0
13.601,0
13.604,0
13.608,0
13.611,0
13.614,0
13.618,0
13.621,0
13.624,0
13.627,0
13.631,0
13.634,0
13.637,0
13.641,0
13.644,0
13.647,0
13.65,0
13.654,0
13.657,0
13.66,0
13.664,0
13.667,0
13.67,0
13.673,0
13.677,0
13.68,0
13.683,0
13.686,0
13.69,0
13.693,0
13.696,0
13.7,0
13.703,0
13.706,0
13.709,0
13.713,0
13.716,0
13.719,0
13.723,0
13.726,0
13.729,0
13.732,0
13.736,0
13.739,0
13.742,0
13.745,0
13.749,0
13.752,0
13.755,0
13.759,0
13.762,0
13.765,0
13.768,0
13.772,0
13.775,0
13.778,0
13.782,0
13.785,0
13.788,0
13.791,0
13.795,0
13.798,0
13.801,0
13.805,0
13.808,0
13.811,0
13.814,0
13.818,0
13.821,0
13.824,0
13.827,0
13.831,0
13.834,0
13.837,0
13.841,0
13.844,0
13.847,0
13.85,0
13.854,0
13.857,0
13.86,0
13.864,0
13.867,0
13.87,0
13.873,0
13.877,0
13.88,0
13.883,0
13.886,0
13.89,0
13.893,0
13.896,0
13.9,0
13.903,0
13.906,0
13.909,0
13.913,0
13.916,0
13.919,0
13.923,0
13.926,0
13.929,0
13.932,0
13.936,0
13.939,0
13.942,0
13.946,0
13.949,0
13.952,0
13.955,0
13.959,0
13.962,0
13.965,0
13.968,0
13.972,0
13.975,0
13.978,0
13.982,0
13.985,0
13.988,0
13.991,0
13.995,0
13.998,0
14.001,0
14.005,0
14.008,0
14.011,0
14.014,0
14.018,0
14.021,0
14.024,0
14.028,0
14.031,0
14.034,0
14.037,0
14.041,0
14.044,0
14.047,0
14.05,0
14.054,0
14.057,0
14.06,0
14.064,0
14.067,0
14.07,0
14.073,0
14.077,0
14.08,0
14.083,0
14.087,0
14.09,0
14.093,0
14.096,0
14.1,0
14.103,0
14.106,0
14.109,0
14.113,0
14.116,0
14.119,0
14.123,0
14.126,0
14.129,0
14.132,0
14.136,0
14.139,0
14.142,0
14.146,0
14.149,0
14.152,0
14.155,0
14.159,0
14.162,0
14.165,0
14.169,0
14.172,0
14.175,0
14.178,0
14.182,0
14.185,0
14.188,0
14.191,0
14.195,0
14.198,0
14.201,0
14.205,0
14.208,0
14.211,0
14.214,0
14.218,0
14.221,0
14.224,0
14.228,0
14.231,0
14.234,0
14.237,0
14.241,0
14.244,0
14.247,0
14.251,0
14.254,0
14.257,0
14.26,0
14.264,0
14.267,0
14.27,0
14.273,0
14.277,0
14.28,0
14.283,0
14.287,0
14.29,0
14.293,0
14.296,0
14.3,0
14.303,0
14.306,0
14.31,0
14.313,0
14.316,0
14.319,0
14.323,0
14.326,0
14.329,0
14.332,0
14.336,0
14.339,0
14.342,0
14.346,0
14.349,0
14.352,0
14.355,0
14.359,0
14.362,0
14.365,0
14.369,0
14.372,0
14.375,0
14.378,0
14.382,0
14.385,0
14.388,0
14.392,0
14.395,0
14.398,0
14.401,0
14.405,0
14.408,0
14.411,0
14.414,0
14.418,0
14.421,0
14.424,0
14.428,0
14.431,0
14.434,0
14.437,0
14.441,0
14.444,0
14.447,0
14.451,0
14.454,0
14.457,0
14.46,0
14.464,0
14.467,0
14.47,0
14.473,0
14.477,0
14.48,0
14.483,0
14.487,0
14.49,0
14.493,0
14.496,0
14.5,0
14.503,0
14.506,0
14.51,0
14.513,0
14.516,0
14.519,0
14.523,0
14.526,0
14.529,0
14.533,0
14.536,0
14.539,0
14.542,0
14.546,0
14.549,0
14.552,0
14.555,0
14.559,0
14.562,0
14.565,0
14.569,0
14.572,0
14.575,0
14.578,0
14.582,0
14.585,0
14.588,0
14.592,0
14.595,0
14.598,0
14.601,0
14.605,0
14.608,0
14.611,0
14.615,0
14.618,0
14.621,0
14.624,0
14.628,0
14.631,0
14.634,0
14.637,0
14.641,0
14.644,0
14.647,0
14.651,0
14.654,0
14.657,0
14.66,0
14.664,0
14.667,0
14.67,0
14.674,0
14.677,0
14.68,0
14.683,0
14.687,0
14.69,0
14.693,0
14.696,0
14.7,0
14.703,0
14.706,0
14.71,0
14.713,0
14.716,0
14.719,0
14.723,0
14.726,0
14.729,0
14.733,0
14.736,0
14.739,0
14.742,0
14.746,0
14.749,0
14.752,0
14.756,0
14.759,0
14.762,0
14.765,0
14.769,0
14.772,0
14.775,0
14.778,0
14.782,0
14.785,0
14.788,0
14.792,0
14.795,0
14.798,0
14.801,0
14.805,0
14.808,0
14.811,0
14.815,0
14.818,0
14.821,0
14.824,0
14.828,0
14.831,0
14.834,0
14.837,0
14.841,0
14.844,0
14.847,0
14.851,0
14.854,0
14.857,0
14.86,0
14.864,0
14.867,0
14.87,0
14.874,0
14.877,0
14.88,0
14.883,0
14.887,0
14.89,0
14.893,0
14.897,0
14.9,0
14.903,0
14.906,0
14.91,0
14.913,0
14.916,0
14.919,0
14.923,0
14.926,0
14.929,0
14.933,0
14.936,0
14.939,0
14.942,0
14.946,0
14.949,0
14.952,0
14.956,0
14.959,0
14.962,0
14.965,0
14.969,0
14.972,0
14.975,0
14.979,0
14.982,0
14.985,0
14.988,0
14.992,0
14.995,0
14.998,0
15.001,0
15.005,0
15.008,0
15.011,0
15.015,0
15.018,0
15.021,0
15.024,0
15.028,0
15.031,0
15.034,0
15.038,0
15.041,0
15.044,0
15.047,0
15.051,0
15.054,0
15.057,0
15.06,0
15.064,0
15.067,0
15.07,0
15.074,0
15.077,0
15.08,0
15.083,0
15.087,0
15.09,0
15.093,0
15.097,0
15.1,0
15.103,0
15.106,0
15.11,0
15.113,0
15.116,0
15.12,0
15.123,0
15.126,0
15.129,0
15.133,0
15.136,0
15.139,0
15.142,0
15.146,0
15.149,0
15.152,0
15.156,0
15.159,0
15.162,0
15.165,0
15.169,0
15.172,0
15.175,0
15.179,0
15.182,0
15.185,0
15.188,0
15.192,0
15.195,0
15.198,0
15.201,0
15.205,0
15.208,0
15.211,0
15.215,0
15.218,0
15.221,0
15.224,0
15.228,0
15.231,0
15.234,0
15.238,0
15.241,0
15.244,0
15.247,0
15.251,0
15.254,0
15.257,0
15.261,0
15.264,0
15.267,0
15.27,0
15.274,0
15.277,0
15.28,0
15.283,0
15.287,0
15.29,0
15.293,0
15.297,0
15.3,0
15.303,0
15.306,0
15.31,0
15.313,0
15.316,0
15.32,0
15.323,0
15.326,0
15.329,0
15.333,0
15.336,0
15.339,0
15.343,0
15.346,0
15.349,0
15.352,0
15.356,0
15.359,0
15.362,0
15.365,0
15.369,0
15.372,0
15.375,0
15.379,0
15.382,0
15.385,0
15.388,0
15.392,0
15.395,0
15.398,0
15.402,0
15.405,0
15.408,0
15.411,0
15.415,0
15.418,0
15.421,0
15.424,0
15.428,0
15.431,0
15.434,0
15.438,0
15.441,0
15.444,0
15.447,0
15.451,0
15.454,0
15.457,0
15.461,0
15.464,0
15.467,0
15.47,0
15.474,0
15.477,0
15.48,0
15.484,0
15.487,0
15.49,0
15.493,0
15.497,0
15.5,0
15.503,0
15.506,0
15.51,0
15.513,0
15.516,0
15.52,0
15.523,0
15.526,0
15.529,0
15.533,0
15.536,0
15.539,0
15.543,0
15.546,0
15.549,0
15.552,0
15.556,0
15.559,0
15.562,0
15.566,0
15.569,0
15.572,0
15.575,0
15.579,0
15.582,0
15.585,0
15.588,0
15.592,0
15.595,0
15.598,0
15.602,0
15.605,0
15.608,0
15.611,0
15.615,0
15.618,0
15.621,0
15.625,0
15.628,0
15.631,0
15.634,0
15.638,0
15.641,0
15.644,0
15.647,0
15.651,0
15.654,0
15.657,0
15.661,0
15.664,0
15.667,0
15.67,0
15.674,0
15.677,0
15.68,0
15.684,0
15.687,0
15.69,0
15.693,0
15.697,0
15.7,0
15.703,0
15.707,0
15.71,0
15.713,0
15.716,0
15.72,0
15.723,0
15.726,0
15.729,0
15.733,0
15.736,0
15.739,0
15.743,0
15.746,0
15.749,0
15.752,0
15.756,0
15.759,0
15.762,0
15.766,0
15.769,0
15.772,0
15.775,0
15.779,0
15.782,0
15.785,0
15.788,0
15.792,0
15.795,0
15.798,0
15.802,0
15.805,0
15.808,0
15.811,0
15.815,0
15.818,0
15.821,0
15.825,0
15.828,0
15.831,0
15.834,0
15.838,0
15.841,0
15.844,0
15.848,0
15.851,0
15.854,0
15.857,0
15.861,0
15.864,0
15.867,0
15.87,0
15.874,0
15.877,0
15.88,0
15.884,0
15.887,0
15.89,0
15.893,0
15.897,0
15.9,0
15.903,0
15.907,0
15.91,0
15.913,0
15.916,0
15.92,0
15.923,0
15.926,0
15.93,0
15.933,0
15.936,0
15.939,0
15.943,0
15.946,0
15.949,0
15.952,0
15.956,0
15.959,0
15.962,0
15.966,0
15.969,0
15.972,0
15.975,0
15.979,0
15.982,0
15.985,0
15.989,0
15.992,0
15.995,0
15.998,0
16.002,0
16.005,0
16.008,0
16.011,0
16.015,0
16.018,0
16.021,0
16.025,0
16.028,0
16.031,0
16.034,0
16.038,0
16.041,0
16.044,0
16.048,0
16.051,0
16.054,0
16.057,0
16.061,0
16.064,0
16.067,0
16.07,0
16.074,0
16.077,0
16.08,0
16.084,0
16.087,0
16.09,0
16.093,0
16.097,0
16.1,0
16.103,0
16.107,0
16.11,0
16.113,0
16.116,0
16.12,0
16.123,0
16.126,0
16.13,0
16.133,0
16.136,0
16.139,0
16.143,0
16.146,0
16.149,0
16.152,0
16.156,0
16.159,0
16.162,0
16.166,0
16.169,0
16.172,0
16.175,0
16.179,0
16.182,0
16.185,0
16.189,0
16.192,0
16.195,0
16.198,0
16.202,0
16.205,0
16.208,0
16.212,0
16.215,0
16.218,0
16.221,0
16.225,0
16.228,0
16.231,0
16.234,0
16.238,0
16.241,0
16.244,0
16.248,0
16.251,0
16.254,0
16.257,0
16.261,0
16.264,0
16.267,0
16.271,0
16.274,0
16.277,0
16.28,0
16.284,0
16.287,0
16.29,0
16.294,0
16.297,0
16.3,0
16.303,0
16.307,0
16.31,0
16.313,0
16.316,0
16.32,0
16.323,0
16.326,0
16.33,0
16.333,0
16.336,0
16.339,0
16.343,0
16.346,0
16.349,0
16.353,0
16.356,0
16.359,0
16.362,0
16.366,0
16.369,0
16.372,0
16.375,0
16.379,0
16.382,0
16.385,0
16.389,0
16.392,0
16.395,0
16.398,0
16.402,0
16.405,0
16.408,0
16.412,0
16.415,0
16.418,0
16.421,0
16.425,0
16.428,0
16.431,0
16.435,0
16.438,0
16.441,0
16.444,0
16.448,0
16.451,0
16.454,0
16.457,0
16.461,0
16.464,0
16.467,0
16.471,0
16.474,0
16.477,0
16.48,0
16.484,0
16.487,0
16.49,0
16.494,0
16.497,0
16.5,0
16.503,0
16.507,0
16.51,0
16.513,0
16.517,0
16.52,0
16.523,0
16.526,0
16.53,0
16.533,0
16.536,0
16.539,0
16.543,0
16.546,0
16.549,0
16.553,0
16.556,0
16.559,0
16.562,0
16.566,0
16.569,0
16.572,0
16.576,0
16.579,0
16.582,0
16.585,0
16.589,0
16.592,0
16.595,0
16.598,0
16.602,0
16.605,0
16.608,0
16.612,0
16.615,0
16.618,0
16.621,0
16.625,0
16.628,0
16.631,0
16.635,0
16.638,0
16.641,0
16.644,0
16.648,0
16.651,0
16.654,0
16.657,0
16.661,0
16.664,0
16.667,0
16.671,0
16.674,0
16.677,0
16.68,0
16.684,0
16.687,0
16.69,0
16.694,0
16.697,0
16.7,0
16.703,0
16.707,0
16.71,0
16.713,0
16.717,0
16.72,0
16.723,0
16.726,0
16.73,0
16.733,0
16.736,0
16.739,0
16.743,0
16.746,0
16.749,0
16.753,0
16.756,0
16.759,0
16.762,0
16.766,0
16.769,0
16.772,0
16.776,0
16.779,0
16.782,0
16.785,0
16.789,0
16.792,0
16.795,0
16.799,0
16.802,0
16.805,0
16.808,0
16.812,0
16.815,0
16.818,0
16.821,0
16.825,0
16.828,0
16.831,0
16.835,0
16.838,0
16.841,0
16.844,0
16.848,0
16.851,0
16.854,0
16.858,0
16.861,0
16.864,0
16.867,0
16.871,0
16.874,0
16.877,0
16.881,0
16.884,0
16.887,0
16.89,0
16.894,0
16.897,0
16.9,0
16.903,0
16.907,0
16.91,0
16.913,0
16.917,0
16.92,0
16.923,0
16.926,0
16.93,0
16.933,0
16.936,0
16.94,0
16.943,0
16.946,0
16.949,0
16.953,0
16.956,0
16.959,0
16.962,0
16.966,0
16.969,0
16.972,0
16.976,0
16.979,0
16.982,0
16.985,0
16.989,0
16.992,0
16.995,0
16.999,0
17.002,0
17.005,0
17.008,0
17.012,0
17.015,0
17.018,0
17.022,0
17.025,0
17.028,0
17.031,0
17.035,0
17.038,0
17.041,0
17.044,0
17.048,0
17.051,0
17.054,0
17.058,0
17.061,0
17.064,0
17.067,0
17.071,0
17.074,0
17.077,0
17.081,0
17.084,0
17.087,0
17.09,0
17.094,0
17.097,0
17.1,0
17.103,0
17.107,0
17.11,0
17.113,0
17.117,0
17.12,0
17.123,0
17.126,0
17.13,0
17.133,0
17.136,0
17.14,0
17.143,0
17.146,0
17.149,0
17.153,0
17.156,0
17.159,0
17.163,0
17.166,0
17.169,0
17.172,0
17.176,0
17.179,0
17.182,0
17.185,0
17.189,0
17.192,0
17.195,0
17.199,0
17.202,0
17.205,0
17.208,0
17.212,0
17.215,0
17.218,0
17.222,0
17.225,0
17.228,0
17.231,0
17.235,0
17.238,0
17.241,0
17.244,0
17.248,0
17.251,0
17.254,0
17.258,0
17.261,0
17.264,0
17.267,0
17.271,0
17.274,0
17.277,0
17.281,0
17.284,0
17.287,0
17.29,0
17.294,0
17.297,0
17.3,0
17.304,0
17.307,0
17.31,0
17.313,0
17.317,0
17.32,0
17.323,0
17.326,0
17.33,0
17.333,0
17.336,0
17.34,0
17.343,0
17.346,0
17.349,0
17.353,0
17.356,0
17.359,0
17.363,0
17.366,0
17.369,0
17.372,0
17.376,0
17.379,0
17.382,0
17.386,0
17.389,0
17.392,0
17.395,0
17.399,0
17.402,0
17.405,0
17.408,0
17.412,0
17.415,0
17.418,0
17.422,0
17.425,0
17.428,0
17.431,0
17.435,0
17.438,0
17.441,0
17.445,0
17.448,0
17.451,0
17.454,0
17.458,0
17.461,0
17.464,0
17.467,0
17.471,0
17.474,0
17.477,0
17.481,0
17.484,0
17.487,0
17.49,0
17.494,0
17.497,0
17.5,0
17.504,0
17.507,0
17.51,0
17.513,0
17.517,0
17.52,0
17.523,0
17.527,0
17.53,0
17.533,0
17.536,0
17.54,0
17.543,0
17.546,0
17.549,0
17.553,0
17.556,0
17.559,0
17.563,0
17.566,0
17.569,0
17.572,0
17.576,0
17.579,0
17.582,0
17.586,0
17.589,0
17.592,0
17.595,0
17.599,0
17.602,0
17.605,0
17.608,0
17.612,0
17.615,0
17.618,0
17.622,0
17.625,0
17.628,0
17.631,0
17.635,0
17.638,0
17.641,0
17.645,0
17.648,0
17.651,0
17.654,0
17.658,0
17.661,0
17.664,0
17.668,0
17.671,0
17.674,0
17.677,0
17.681,0
17.684,0
17.687,0
17.69,0
17.694,0
17.697,0
17.7,0
17.704,0
17.707,0
17.71,0
17.713,0
17.717,0
17.72,0
17.723,0
17.727,0
17.73,0
17.733,0
17.736,0
17.74,0
17.743,0
17.746,0
17.75,0
17.753,0
17.756,0
17.759,0
17.763,0
17.766,0
17.769,0
17.772,0
17.776,0
17.779,0
17.782,0
17.786,0
17.789,0
17.792,0
17.795,0
17.799,0
17.802,0
17.805,0
17.809,0
17.812,0
17.815,0
17.818,0
17.822,0
17.825,0
17.828,0
17.832,0
17.835,0
17.838,0
17.841,0
17.845,0
17.848,0
17.851,0
17.854,0
17.858,0
17.861,0
17.864,0
17.868,0
17.871,0
17.874,0
17.877,0
17.881,0
17.884,0
17.887,0
17.891,0
17.894,0
17.897,0
17.9,0
17.904,0
17.907,0
17.91,0
17.913,0
17.917,0
17.92,0
17.923,0
17.927,0
17.93,0
17.933,0
17.936,0
17.94,0
17.943,0
17.946,0
17.95,0
17.953,0
17.956,0
17.959,0
17.963,0
17.966,0
17.969,0
17.973,0
17.976,0
17.979,0
17.982,0
17.986,0
17.989,0
17.992,0
17.995,0
17.999,0
18.002,0
18.005,0
18.009,0
18.012,0
18.015,0
18.018,0
18.022,0
18.025,0
18.028,0
18.032,0
18.035,0
18.038,0
18.041,0
18.045,0
18.048,0
18.051,0
18.054,0
18.058,0
18.061,0
18.064,0
18.068,0
18.071,0
18.074,0
18.077,0
18.081,0
18.084,0
18.087,0
18.091,0
18.094,0
18.097,0
18.1,0
18.104,0
18.107,0
18.11,0
18.114,0
18.117,0
18.12,0
18.123,0
18.127,0
18.13,0
18.133,0
18.136,0
18.14,0
18.143,0
18.146,0
18.15,0
18.153,0
18.156,0
18.159,0
18.163,0
18.166,0
18.169,0
18.173,0
18.176,0
18.179,0
18.182,0
18.186,0
18.189,0
18.192,0
18.195,0
18.199,0
18.202,0
18.205,0
18.209,0
18.212,0
18.215,0
18.218,0
18.222,0
18.225,0
18.228,0
18.232,0
18.235,0
18.238,0
18.241,0
18.245,0
18.248,0
18.251,0
18.255,0
18.258,0
18.261,0
18.264,0
18.268,0
18.271,0
18.274,0
18.277,0
18.281,0
18.284,0
18.287,0
18.291,0
18.294,0
18.297,0
18.3,0
18.304,0
18.307,0
18.31,0
18.314,0
18.317,0
18.32,0
18.323,0
18.327,0
18.33,0
18.333,0
18.337,0
18.34,0
18.343,0
18.346,0
18.35,0
18.353,0
18.356,0
18.359,0
18.363,0
18.366,0
18.369,0
18.373,0
18.376,0
18.379,0
18.382,0
18.386,0
18.389,0
18.392,0
18.396,0
18.399,0
18.402,0
18.405,0
18.409,0
18.412,0
18.415,0
18.418,0
18.422,0
18.425,0
18.428,0
18.432,0
18.435,0
18.438,0
18.441,0
18.445,0
18.448,0
18.451,0
18.455,0
18.458,0
18.461,0
18.464,0
18.468,0
18.471,0
18.474,0
18.478,0
18.481,0
18.484,0
18.487,0
18.491,0
18.494,0
18.497,0
18.5,0
18.504,0
18.507,0
18.51,0
18.514,0
18.517,0
18.52,0
18.523,0
18.527,0
18.53,0
18.533,0
18.537,0
18.54,0
18.543,0
18.546,0
18.55,0
18.553,0
18.556,0
18.56,0
18.563,0
18.566,0
18.569,0
18.573,0
18.576,0
18.579,0
18.582,0
18.586,0
18.589,0
18.592,0
18.596,0
18.599,0
18.602,0
18.605,0
18.609,0
18.612,0
18.615,0
18.619,0
18.622,0
18.625,0
18.628,0
18.632,0
18.635,0
18.638,0
18.641,0
18.645,0
18.648,0
18.651,0
18.655,0
18.658,0
18.661,0
18.664,0
18.668,0
18.671,0
18.674,0
18.678,0
18.681,0
18.684,0
18.687,0
18.691,0
18.694,0
18.697,0
18.701,0
18.704,0
18.707,0
18.71,0
18.714,0
18.717,0
18.72,0
18.723,0
18.727,0
18.73,0
18.733,0
18.737,0
18.74,0
18.743,0
18.746,0
18.75,0
18.753,0
18.756,0
18.76,0
18.763,0
18.766,0
18.769,0
18.773,0
18.776,0
18.779,0
18.782,0
18.786,0
18.789,0
18.792,0
18.796,0
18.799,0
18.802,0
18.805,0
18.809,0
18.812,0
18.815,0
18.819,0
18.822,0
18.825,0
18.828,0
18.832,0
18.835,0
18.838,0
18.842,0
18.845,0
18.848,0
18.851,0
18.855,0
18.858,0
18.861,0
18.864,0
18.868,0
18.871,0
18.874,0
18.878,0
18.881,0
18.884,0
18.887,0
18.891,0
18.894,0
18.897,0
18.901,0
18.904,0
18.907,0
18.91,0
18.914,0
18.917,0
18.92,0
18.924,0
18.927,0
18.93,0
18.933,0
18.937,0
18.94,0
18.943,0
18.946,0
18.95,0
18.953,0
18.956,0
18.96,0
18.963,0
18.966,0
18.969,0
18.973,0
18.976,0
18.979,0
18.983,0
18.986,0
18.989,0
18.992,0
18.996,0
18.999,0
19.002,0
19.005,0
19.009,0
19.012,0
19.015,0
19.019,0
19.022,0
19.025,0
19.028,0
19.032,0
19.035,0
19.038,0
19.042,0
19.045,0
19.048,0
19.051,0
19.055,0
19.058,0
19.061,0
19.065,0
19.068,0
19.071,0
19.074,0
19.078,0
19.081,0
19.084,0
19.087,0
19.091,0
19.094,0
19.097,0
19.101,0
19.104,0
19.107,0
19.11,0
19.114,0
19.117,0
19.12,0
19.124,0
19.127,0
19.13,0
19.133,0
19.137,0
19.14,0
19.143,0
19.147,0
19.15,0
19.153,0
19.156,0
19.16,0
19.163,0
19.166,0
19.169,0
19.173,0
19.176,0
19.179,0
19.183,0
19.186,0
19.189,0
19.192,0
19.196,0
19.199,0
19.202,0
19.206,0
19.209,0
19.212,0
19.215,0
19.219,0
19.222,0
19.225,0
19.228,0
19.232,0
19.235,0
19.238,0
19.242,0
19.245,0
19.248,0
19.251,0
19.255,0
19.258,0
19.261,0
19.265,0
19.268,0
19.271,0
19.274,0
19.278,0
19.281,0
19.284,0
19.288,0
19.291,0
19.294,0
19.297,0
19.301,0
19.304,0
19.307,0
19.31,0
19.314,0
19.317,0
19.32,0
19.324,0
19.327,0
19.33,0
19.333,0
19.337,0
19.34,0
19.343,0
19.347,0
19.35,0
19.353,0
19.356,0
19.36,0
19.363,0
19.366,0
19.369,0
19.373,0
19.376,0
19.379,0
19.383,0
19.386,0
19.389,0
19.392,0
19.396,0
19.399,0
19.402,0
19.406,0
19.409,0
19.412,0
19.415,0
19.419,0
19.422,0
19.425,0
19.429,0
19.432,0
19.435,0
19.438,0
19.442,0
19.445,0
19.448,0
19.451,0
19.455,0
19.458,0
19.461,0
19.465,0
19.468,0
19.471,0
19.474,0
19.478,0
19.481,0
19.484,0
19.488,0
19.491,0
19.494,0
19.497,0
19.501,0
19.504,0
19.507,0
19.511,0
19.514,0
19.517,0
19.52,0
19.524,0
19.527,0
19.53,0
19.533,0
19.537,0
19.54,0
19.543,0
19.547,0
19.55,0
19.553,0
19.556,0
19.56,0
19.563,0
19.566,0
19.57,0
19.573,0
19.576,0
19.579,0
19.583,0
19.586,0
19.589,0
19.592,0
19.596,0
19.599,0
19.602,0
19.606,0
19.609,0
19.612,0
19.615,0
19.619,0
19.622,0
19.625,0
19.629,0
19.632,0
19.635,0
19.638,0
19.642,0
19.645,0
19.648,0
19.652,0
19.655,0
19.658,0
19.661,0
19.665,0
19.668,0
19.671,0
19.674,0
19.678,0
19.681,0
19.684,0
19.688,0
19.691,0
19.694,0
19.697,0
19.701,0
19.704,0
19.707,0
19.711,0
19.714,0
19.717,0
19.72,0
19.724,0
19.727,0
19.73,0
19.733,0
19.737,0
19.74,0
19.743,0
19.747,0
19.75,0
19.753,0
19.756,0
19.76,0
19.763,0
19.766,0
19.77,0
19.773,0
19.776,0
19.779,0
19.783,0
19.786,0
19.789,0
19.793,0
19.796,0
19.799,0
19.802,0
19.806,0
19.809,0
19.812,0
19.815,0
19.819,0
19.822,0
19.825,0
19.829,0
19.832,0
19.835,0
19.838,0
19.842,0
19.845,0
19.848,0
19.852,0
19.855,0
19.858,0
19.861,0
19.865,0
19.868,0
19.871,0
19.875,0
19.878,0
19.881,0
19.884,0
19.888,0
19.891,0
19.894,0
19.897,0
19.901,0
19.904,0
19.907,0
19.911,0
19.914,0
19.917,0
19.92,0
19.924,0
19.927,0
19.93,0
19.934,0
19.937,0
19.94,0
19.943,0
19.947,0
19.95,0
19.953,0
19.956,0
19.96,0
19.963,0
19.966,0
19.97,0
19.973,0
19.976,0
19.979,0
19.983,0
19.986,0
19.989,0
19.993,0
19.996,0
19.999,0
20.002,0
20.006,0
20.009,0
20.012,0
20.016,0
20.019,0
20.022,0
20.025,0
20.029,0
20.032,0
20.035,0
20.038,0
20.042,0
20.045,0
20.048,0
20.052,0
20.055,0
20.058,0
20.061,0
20.065,0
20.068,0
20.071,0
20.075,0
20.078,0
20.081,0
20.084,0
20.088,0
20.091,0
20.094,0
20.098,0
20.101,0
20.104,0
20.107,0
20.111,0
20.114,0
20.117,0
20.12,0
20.124,0
20.127,0
20.13,0
20.134,0
20.137,0
20.14,0
20.143,0
20.147,0
20.15,0
20.153,0
20.157,0
20.16,0
20.163,0
20.166,0
20.17,0
20.173,0
20.176,0
20.179,0
20.183,0
20.186,0
20.189,0
20.193,0
20.196,0
20.199,0
20.202,0
20.206,0
20.209,0
20.212,0
20.216,0
20.219,0
20.222,0
20.225,0
20.229,0
20.232,0
20.235,0
20.239,0
20.242,0
20.245,0
20.248,0
20.252,0
20.255,0
20.258,0
20.261,0
20.265,0
20.268,0
20.271,0
20.275,0
20.278,0
20.281,0
20.284,0
20.288,0
20.291,0
20.294,0
20.298,0
20.301,0
20.304,0
20.307,0
20.311,0
20.314,0
20.317,0
20.32,0
20.324,0
20.327,0
20.33,0
20.334,0
20.337,0
20.34,0
20.343,0
20.347,0
20.35,0
20.353,0
20.357,0
20.36,0
20.363,0
20.366,0
20.37,0
20.373,0
20.376,0
20.38,0
20.383,0
20.386,0
20.389,0
20.393,0
20.396,0
20.399,0
20.402,0
20.406,0
20.409,0
20.412,0
20.416,0
20.419,0
20.422,0
20.425,0
20.429,0
20.432,0
20.435,0
20.439,0
20.442,0
20.445,0
20.448,0
20.452,0
20.455,0
20.458,0
20.462,0
20.465,0
20.468,0
20.471,0
20.475,0
20.478,0
20.481,0
20.484,0
20.488,0
20.491,0
20.494,0
20.498,0
20.501,0
20.504,0
20.507,0
20.511,0
20.514,0
20.517,0
20.521,0
20.524,0
20.527,0
20.53,0
20.534,0
20.537,0
20.54,0
20.543,0
20.547,0
20.55,0
20.553,0
20.557,0
20.56,0
20.563,0
20.566,0
20.57,0
20.573,0
20.576,0
20.58,0
20.583,0
20.586,0
20.589,0
20.593,0
20.596,0
20.599,0
20.603,0
20.606,0
20.609,0
20.612,0
20.616,0
20.619,0
20.622,0
20.625,0
20.629,0
20.632,0
20.635,0
20.639,0
20.642,0
20.645,0
20.648,0
20.652,0
20.655,0
20.658,0
20.662,0
20.665,0
20.668,0
20.671,0
20.675,0
20.678,0
20.681,0
20.684,0
20.688,0
20.691,0
20.694,0
20.698,0
20.701,0
20.704,0
20.707,0
20.711,0
20.714,0
20.717,0
20.721,0
20.724,0
20.727,0
20.73,0
20.734,0
20.737,0
20.74,0
20.744,0
20.747,0
20.75,0
20.753,0
20.757,0
20.76,0
20.763,0
20.766,0
20.77,0
20.773,0
20.776,0
20.78,0
20.783,0
20.786,0
20.789,0
20.793,0
20.796,0
20.799,0
20.803,0
20.806,0
20.809,0
20.812,0
20.816,0
20.819,0
20.822,0
20.826,0
20.829,0
20.832,0
20.835,0
20.839,0
20.842,0
20.845,0
20.848,0
20.852,0
20.855,0
20.858,0
20.862,0
20.865,0
20.868,0
20.871,0
20.875,0
20.878,0
20.881,0
20.885,0
20.888,0
20.891,0
20.894,0
20.898,0
20.901,0
20.904,0
20.907,0
20.911,0
20.914,0
20.917,0
20.921,0
20.924,0
20.927,0
20.93,0
20.934,0
20.937,0
20.94,0
20.944,0
20.947,0
20.95,0
20.953,0
20.957,0
20.96,0
20.963,0
20.967,0
20.97,0
20.973,0
20.976,0
20.98,0
20.983,0
20.986,0
20.989,0
20.993,0
20.996,0
20.999,0
21.003,0
21.006,0
21.009,0
21.012,0
21.016,0
21.019,0
21.022,0
21.026,0
21.029,0
21.032,0
21.035,0
21.039,0
21.042,0
21.045,0
21.048,0
21.052,0
21.055,0
21.058,0
21.062,0
21.065,0
21.068,0
21.071,0
21.075,0
21.078,0
21.081,0
21.085,0
21.088,0
21.091,0
21.094,0
21.098,0
21.101,0
21.104,0
21.108,0
21.111,0
21.114,0
21.117,0
21.121,0
21.124,0
21.127,0
21.13,0
21.134,0
21.137,0
21.14,0
21.144,0
21.147,0
21.15,0
21.153,0
21.157,0
21.16,0
21.163,0
21.167,0
21.17,0
21.173,0
21.176,0
21.18,0
21.183,0
21.186,0
21.19,0
21.193,0
21.196,0
21.199,0
21.203,0
21.206,0
21.209,0
21.212,0
21.216,0
21.219,0
21.222,0
21.226,0
21.229,0
21.232,0
21.235,0
21.239,0
21.242,0
21.245,0
21.249,0
21.252,0
21.255,0
21.258,0
21.262,0
21.265,0
21.268,0
21.271,0
21.275,0
21.278,0
21.281,0
21.285,0
21.288,0
21.291,0
21.294,0
21.298,0
21.301,0
21.304,0
21.308,0
21.311,0
21.314,0
21.317,0
21.321,0
21.324,0
21.327,0
21.331,0
21.334,0
21.337,0
21.34,0
21.344,0
21.347,0
21.35,0
21.353,0
21.357,0
21.36,0
21.363,0
21.367,0
21.37,0
21.373,0
21.376,0
21.38,0
21.383,0
21.386,0
21.39,0
21.393,0
21.396,0
21.399,0
21.403,0
21.406,0
21.409,0
21.413,0
21.416,0
21.419,0
21.422,0
21.426,0
21.429,0
21.432,0
21.435,0
21.439,0
21.442,0
21.445,0
21.449,0
21.452,0
21.455,0
21.458,0
21.462,0
21.465,0
21.468,0
21.472,0
21.475,0
21.478,0
21.481,0
21.485,0
21.488,0
21.491,0
21.494,0
21.498,0
21.501,0
21.504,0
21.508,0
21.511,0
21.514,0
21.517,0
21.521,0
21.524,0
21.527,0
21.531,0
21.534,0
21.537,0
21.54,0
21.544,0
21.547,0
21.55,0
21.554,0
21.557,0
21.56,0
21.563,0
21.567,0
21.57,0
21.573,0
21.576,0
21.58,0
21.583,0
21.586,0
21.59,0
21.593,0
21.596,0
21.599,0
21.603,0
21.606,0
21.609,0
21.613,0
21.616,0
21.619,0
21.622,0
21.626,0
21.629,0
21.632,0
21.635,0
21.639,0
21.642,0
21.645,0
21.649,0
21.652,0
21.655,0
21.658,0
21.662,0
21.665,0
21.668,0
21.672,0
21.675,0
21.678,0
21.681,0
21.685,0
21.688,0
21.691,0
21.695,0
21.698,0
21.701,0
21.704,0
21.708,0
21.711,0
21.714,0
21.717,0
21.721,0
21.724,0
21.727,0
21.731,0
21.734,0
21.737,0
21.74,0
21.744,0
21.747,0
21.75,0
21.754,0
21.757,0
21.76,0
21.763,0
21.767,0
21.77,0
21.773,0
21.777,0
21.78,0
21.783,0
21.786,0
21.79,0
21.793,0
21.796,0
21.799,0
21.803,0
21.806,0
21.809,0
21.813,0
21.816,0
21.819,0
21.822,0
21.826,0
21.829,0
21.832,0
21.836,0
21.839,0
21.842,0
21.845,0
21.849,0
21.852,0
21.855,0
21.858,0
21.862,0
21.865,0
21.868,0
21.872,0
21.875,0
21.878,0
21.881,0
21.885,0
21.888,0
21.891,0
21.895,0
21.898,0
21.901,0
21.904,0
21.908,0
21.911,0
21.914,0
21.918,0
21.921,0
21.924,0
21.927,0
21.931,0
21.934,0
21.937,0
21.94,0
21.944,0
21.947,0
21.95,0
21.954,0
21.957,0
21.96,0
21.963,0
21.967,0
21.97,0
21.973,0
21.977,0
21.98,0
21.983,0
21.986,0
21.99,0
21.993,0
21.996,0
21.999,0
22.003,0
22.006,0
22.009,0
22.013,0
22.016,0
22.019,0
22.022,0
22.026,0
22.029,0
22.032,0
22.036,0
22.039,0
22.042,0
22.045,0
22.049,0
22.052,0
22.055,0
22.059,0
22.062,0
22.065,0
22.068,0
22.072,0
22.075,0
22.078,0
22.081,0
22.085,0
22.088,0
22.091,0
22.095,0
22.098,0
22.101,0
22.104,0
22.108,0
22.111,0
22.114,0
22.118,0
22.121,0
22.124,0
22.127,0
22.131,0
22.134,0
22.137,0
22.14,0
22.144,0
22.147,0
22.15,0
22.154,0
22.157,0
22.16,0
22.163,0
22.167,0
22.17,0
22.173,0
22.177,0
22.18,0
22.183,0
22.186,0
22.19,0
22.193,0
22.196,0
22.2,0
22.203,0
22.206,0
22.209,0
22.213,0
22.216,0
22.219,0
22.222,0
22.226,0
22.229,0
22.232,0
22.236,0
22.239,0
22.242,0
22.245,0
22.249,0
22.252,0
22.255,0
22.259,0
22.262,0
22.265,0
22.268,0
22.272,0
22.275,0
22.278,0
22.282,0
22.285,0
22.288,0
22.291,0
22.295,0
22.298,0
22.301,0
22.304,0
22.308,0
22.311,0
22.314,0
22.318,0
22.321,0
22.324,0
22.327,0
22.331,0
22.334,0
22.337,0
22.341,0
22.344,0
22.347,0
22.35,0
22.354,0
22.357,0
22.36,0
22.364,0
22.367,0
22.37,0
22.373,0
22.377,0
22.38,0
22.383,0
22.386,0
22.39,0
22.393,0
22.396,0
22.4,0
22.403,0
22.406,0
22.409,0
22.413,0
22.416,0
22.419,0
22.423,0
22.426,0
22.429,0
22.432,0
22.436,0
22.439,0
22.442,0
22.445,0
22.449,0
22.452,0
22.455,0
22.459,0
22.462,0
22.465,0
22.468,0
22.472,0
22.475,0
22.478,0
22.482,0
22.485,0
22.488,0
22.491,0
22.495,0
22.498,0
22.501,0
22.505,0
22.508,0
22.511,0
22.514,0
22.518,0
22.521,0
22.524,0
22.527,0
22.531,0
22.534,0
22.537,0
22.541,0
22.544,0
22.547,0
22.55,0
22.554,0
22.557,0
22.56,0
22.564,0
22.567,0
22.57,0
22.573,0
22.577,0
22.58,0
22.583,0
22.586,0
22.59,0
22.593,0
22.596,0
22.6,0
22.603,0
22.606,0
22.609,0
22.613,0
22.616,0
22.619,0
22.623,0
22.626,0
22.629,0
22.632,0
22.636,0
22.639,0
22.642,0
22.646,0
22.649,0
22.652,0
22.655,0
22.659,0
22.662,0
22.665,0
22.668,0
22.672,0
22.675,0
22.678,0
22.682,0
22.685,0
22.688,0
22.691,0
22.695,0
22.698,0
22.701,0
22.705,0
22.708,0
22.711,0
22.714,0
22.718,0
22.721,0
22.724,0
22.728,0
22.731,0
22.734,0
22.737,0
22.741,0
22.744,0
22.747,0
22.75,0
22.754,0
22.757,0
22.76,0
22.764,0
22.767,0
22.77,0
22.773,0
22.777,0
22.78,0
22.783,0
22.787,0
22.79,0
22.793,0
22.796,0
22.8,0
22.803,0
22.806,0
22.809,0
22.813,0
22.816,0
22.819,0
22.823,0
22.826,0
22.829,0
22.832,0
22.836,0
22.839,0
22.842,0
22.846,0
22.849,0
22.852,0
22.855,0
22.859,0
22.862,0
22.865,0
22.869,0
22.872,0
22.875,0
22.878,0
22.882,0
22.885,0
22.888,0
22.891,0
22.895,0
22.898,0
22.901,0
22.905,0
22.908,0
22.911,0
22.914,0
22.918,0
22.921,0
22.924,0
22.928,0
22.931,0
22.934,0
22.937,0
22.941,0
22.944,0
22.947,0
22.95,0
22.954,0
22.957,0
22.96,0
22.964,0
22.967,0
22.97,0
22.973,0
22.977,0
22.98,0
22.983,0
22.987,0
22.99,0
22.993,0
22.996,0
23,0
23.003,0
23.006,0
23.01,0
23.013,0
23.016,0
23.019,0
23.023,0
23.026,0
23.029,0
23.032,0
23.036,0
23.039,0
23.042,0
23.046,0
23.049,0
23.052,0
23.055,0
23.059,0
23.062,0
23.065,0
23.069,0
23.072,0
23.075,0
23.078,0
23.082,0
23.085,0
23.088,0
23.092,0
23.095,0
23.098,0
23.101,0
23.105,0
23.108,0
23.111,0
23.114,0
23.118,0
23.121,0
23.124,0
23.128,0
23.131,0
23.134,0
23.137,0
23.141,0
23.144,0
23.147,0
23.151,0
23.154,0
23.157,0
23.16,0
23.164,0
23.167,0
23.17,0
23.173,0
23.177,0
23.18,0
23.183,0
23.187,0
23.19,0
23.193,0
23.196,0
23.2,0
23.203,0
23.206,0
23.21,0
23.213,0
23.216,0
23.219,0
23.223,0
23.226,0
23.229,0
23.233,0
23.236,0
23.239,0
23.242,0
23.246,0
23.249,0
23.252,0
23.255,0
23.259,0
23.262,0
23.265,0
23.269,0
23.272,0
23.275,0
23.278,0
23.282,0
23.285,0
23.288,0
23.292,0
23.295,0
23.298,0
23.301,0
23.305,0
23.308,0
23.311,0
23.314,0
23.318,0
23.321,0
23.324,0
23.328,0
23.331,0
23.334,0
23.337,0
23.341,0
23.344,0
23.347,0
23.351,0
23.354,0
23.357,0
23.36,0
23.364,0
23.367,0
23.37,0
23.374,0
23.377,0
23.38,0
23.383,0
23.387,0
23.39,0
23.393,0
23.396,0
23.4,0
23.403,0
23.406,0
23.41,0
23.413,0
23.416,0
23.419,0
23.423,0
23.426,0
23.429,0
23.433,0
23.436,0
23.439,0
23.442,0
23.446,0
23.449,0
23.452,0
23.456,0
23.459,0
23.462,0
23.465,0
23.469,0
23.472,0
23.475,0
23.478,0
23.482,0
23.485,0
23.488,0
23.492,0
23.495,0
23.498,0
23.501,0
23.505,0
23.508,0
23.511,0
23.515,0
23.518,0
23.521,0
23.524,0
23.528,0
23.531,0
23.534,0
23.537,0
23.541,0
23.544,0
23.547,0
23.551,0
23.554,0
23.557,0
23.56,0
23.564,0
23.567,0
23.57,0
23.574,0
23.577,0
23.58,0
23.583,0
23.587,0
23.59,0
23.593,0
23.597,0
23.6,0
23.603,0
23.606,0
23.61,0
23.613,0
23.616,0
23.619,0
23.623,0
23.626,0
23.629,0
23.633,0
23.636,0
23.639,0
23.642,0
23.646,0
23.649,0
23.652,0
23.656,0
23.659,0
23.662,0
23.665,0
23.669,0
23.672,0
23.675,0
23.679,0
23.682,0
23.685,0
23.688,0
23.692,0
23.695,0
23.698,0
23.701,0
23.705,0
23.708,0
23.711,0
23.715,0
23.718,0
23.721,0
23.724,0
23.728,0
23.731,0
23.734,0
23.738,0
23.741,0
23.744,0
23.747,0
23.751,0
23.754,0
23.757,0
23.76,0
23.764,0
23.767,0
23.77,0
23.774,0
23.777,0
23.78,0
23.783,0
23.787,0
23.79,0
23.793,0
23.797,0
23.8,0
23.803,0
23.806,0
23.81,0
23.813,0
23.816,0
23.82,0
23.823,0
23.826,0
23.829,0
23.833,0
23.836,0
23.839,0
23.842,0
23.846,0
23.849,0
23.852,0
23.856,0
23.859,0
23.862,0
23.865,0
23.869,0
23.872,0
23.875,0
23.879,0
23.882,0
23.885,0
23.888,0
23.892,0
23.895,0
23.898,0
23.901,0
23.905,0
23.908,0
23.911,0
23.915,0
23.918,0
23.921,0
23.924,0
23.928,0
23.931,0
23.934,0
23.938,0
23.941,0
23.944,0
23.947,0
23.951,0
23.954,0
23.957,0
23.961,0
23.964,0
23.967,0
23.97,0
23.974,0
23.977,0
23.98,0
23.983,0
23.987,0
23.99,0
23.993,0
23.997,0
24,0
24.003,0
24.006,0
24.01,0
24.013,0
24.016,0
24.02,0
24.023,0
24.026,0
24.029,0
24.033,0
24.036,0
24.039,0
24.043,0
24.046,0
24.049,0
24.052,0
24.056,0
24.059,0
24.062,0
24.065,0
24.069,0
24.072,0
24.075,0
24.079,0
24.082,0
24.085,0
24.088,0
24.092,0
24.095,0
24.098,0
24.102,0
24.105,0
24.108,0
24.111,0
24.115,0
24.118,0
24.121,0
24.124,0
24.128,0
24.131,0
24.134,0
24.138,0
24.141,0
24.144,0
24.147,0
24.151,0
24.154,0
24.157,0
24.161,0
24.164,0
24.167,0
24.17,0
24.174,0
24.177,0
24.18,0
24.184,0
24.187,0
24.19,0
24.193,0
24.197,0
24.2,0
24.203,0
24.206,0
24.21,0
24.213,0
24.216,0
24.22,0
24.223,0
24.226,0
24.229,0
24.233,0
24.236,0
24.239,0
24.243,0
24.246,0
24.249,0
24.252,0
24.256,0
24.259,0
24.262,0
24.265,0
24.269,0
24.272,0
24.275,0
24.279,0
24.282,0
24.285,0
24.288,0
24.292,0
24.295,0
24.298,0
24.302,0
24.305,0
24.308,0
24.311,0
24.315,0
24.318,0
24.321,0
24.325,0
24.328,0
24.331,0
24.334,0
24.338,0
24.341,0
24.344,0
24.347,0
24.351,0
24.354,0
24.357,0
24.361,0
24.364,0
24.367,0
24.37,0
24.374,0
24.377,0
24.38,0
24.384,0
24.387,0
24.39,0
24.393,0
24.397,0
24.4,0
24.403,0
24.407,0
24.41,0
24.413,0
24.416,0
24.42,0
24.423,0
24.426,0
24.429,0
24.433,0
24.436,0
24.439,0
24.443,0
24.446,0
24.449,0
24.452,0
24.456,0
24.459,0
24.462,0
24.466,0
24.469,0
24.472,0
24.475,0
24.479,0
24.482,0
24.485,0
24.488,0
24.492,0
24.495,0
24.498,0
24.502,0
24.505,0
24.508,0
24.511,0
24.515,0
24.518,0
24.521,0
24.525,0
24.528,0
24.531,0
24.534,0
24.538,0
24.541,0
24.544,0
24.548,0
24.551,0
24.554,0
24.557,0
24.561,0
24.564,0
24.567,0
24.57,0
24.574,0
24.577,0
24.58,0
24.584,0
24.587,0
24.59,0
24.593,0
24.597,0
24.6,0
24.603,0
24.607,0
24.61,0
24.613,0
24.616,0
24.62,0
24.623,0
24.626,0
24.629,0
24.633,0
24.636,0
24.639,0
24.643,0
24.646,0
24.649,0
24.652,0
24.656,0
24.659,0
24.662,0
24.666,0
24.669,0
24.672,0
24.675,0
24.679,0
24.682,0
24.685,0
24.689,0
24.692,0
24.695,0
24.698,0
24.702,0
24.705,0
24.708,0
24.711,0
